year	eqdgccellcode	kingdomkey	kingdom	familykey	family	specieskey	species	occurrences	mincoordinateuncertaintyinmeters	mintemporaluncertainty	familycount
2024	E008N54BA	1	Animalia	9379	Leporidae	2436940	Oryctolagus cuniculus	1	50	86400	45524
2024	E008N55BA	1	Animalia	5298	Cervidae	2440958	Cervus elaphus	3	317	86400	34858
2024	E008N55DD	1	Animalia	9456	Sciuridae	8211070	Sciurus vulgaris	1	26	86400	15823
2024	E008N56CB	1	Animalia	5298	Cervidae	5220136	Dama dama	1	65	86400	34858
2024	E008N57DC	1	Animalia	5298	Cervidae	5220126	Capreolus capreolus	1	1000	1	34858
2024	E009N55AB	1	Animalia	5298	Cervidae	2440958	Cervus elaphus	1	50	86400	34858
2024	E009N55BD	1	Animalia	5307	Mustelidae	2433753	Lutra lutra	1	3	86400	23427
2024	E009N56AA	1	Animalia	5307	Mustelidae	2433753	Lutra lutra	1	109	86400	23427
2024	E009N56BD	1	Animalia	5307	Mustelidae	2433875	Meles meles	1	8	1	23427
2024	E009N56DB	1	Animalia	5307	Mustelidae	5218887	Martes foina	1	3	1	23427
2024	E009N57DB	1	Animalia	5298	Cervidae	5220126	Capreolus capreolus	1	14	1	34858
2024	E010N55AD	1	Animalia	5298	Cervidae	5220126	Capreolus capreolus	2	62	60	34858
2024	E010N55DB	1	Animalia	9379	Leporidae	7952072	Lepus europaeus	2	20	86400	45524
2024	E010N56CA	1	Animalia	9379	Leporidae	7952072	Lepus europaeus	7	23.37	86400	45524
2024	E010N56DC	1	Animalia	5307	Mustelidae	2433875	Meles meles	1	780	86400	23427
2024	E010N57CC	1	Animalia	5298	Cervidae	5220126	Capreolus capreolus	8	3.54	60	34858
2024	E011N54BD	1	Animalia	5310	Phocidae	2434806	Halichoerus grypus	7	50	86400	39284
2024	E011N55BB	1	Animalia	9456	Sciuridae	8211070	Sciurus vulgaris	5	9	1	15823
2024	E011N55DC	1	Animalia	5310	Phocidae	2434793	Phoca vitulina	1	20.83	86400	39284
2024	E012N55AB	1	Animalia	9368	Vespertilionidae	2432359	Eptesicus serotinus	1	65	86400	16848
2024	E012N55AD	1	Animalia	5722	Erinaceidae	5219616	Erinaceus europaeus	1	370	86400	3807
2024	E012N55CA	1	Animalia	5298	Cervidae	5220136	Dama dama	1	738	1	34858
2024	E012N56CD	1	Animalia	9701	Canidae	5219243	Vulpes vulpes	1	570	86400	9311
2023	E008N54BA	1	Animalia	5307	Mustelidae	5218823	Mustela vison	2	840	86400	23427
2023	E008N55AB	1	Animalia	9701	Canidae	5219243	Vulpes vulpes	3	9	1	9311
2023	E008N55AD	1	Animalia	9701	Canidae	5219243	Vulpes vulpes	2	50	86400	9311
2023	E008N55BC	1	Animalia	9469	Talpidae	7872906	Talpa europaea	1	272	60	753
2023	E008N55DA	1	Animalia	5310	Phocidae	2434793	Phoca vitulina	8	14	60	39284
2023	E008N55DD	1	Animalia	9368	Vespertilionidae	5218507	Plecotus auritus	1	15.61	86400	16848
2023	E008N56AD	1	Animalia	9379	Leporidae	7952072	Lepus europaeus	1	5	86400	45524
2023	E008N56CA	1	Animalia	5298	Cervidae	5220136	Dama dama	1	302.79	86400	34858
2023	E008N56DA	1	Animalia	5298	Cervidae	5220126	Capreolus capreolus	1	50	86400	34858
2023	E008N57CD	1	Animalia	5310	Phocidae	2434806	Halichoerus grypus	1	1000	86400	39284
2023	E009N54BA	1	Animalia	5310	Phocidae	2434806	Halichoerus grypus	1	50	86400	39284
2023	E009N55AA	1	Animalia	9469	Talpidae	7872906	Talpa europaea	1	25	86400	753
2023	E009N55AD	1	Animalia	5307	Mustelidae	5218878	Martes martes	1	200	86400	23427
2023	E009N55BB	1	Animalia	5307	Mustelidae	5218987	Mustela nivalis	1	738	1	23427
2023	E009N55BD	1	Animalia	5310	Phocidae	2434793	Phoca vitulina	6	201	86400	39284
2023	E009N55CB	1	Animalia	3240723	Cricetidae	2438616	Microtus agrestis	1	1000	1	1954
2023	E009N55DA	1	Animalia	5307	Mustelidae	2433875	Meles meles	3	50	86400	23427
2023	E009N55DD	1	Animalia	9701	Canidae	2434552	Nyctereutes procyonoides	1	1000	1	9311
2023	E009N56AD	1	Animalia	5307	Mustelidae	2433753	Lutra lutra	2	50	86400	23427
2023	E009N56BB	1	Animalia	9469	Talpidae	7872906	Talpa europaea	1	5	86400	753
2023	E009N56CB	1	Animalia	5493	Castoridae	4409131	Castor fiber	2	5	86400	200
2023	E009N56CD	1	Animalia	9701	Canidae	5219243	Vulpes vulpes	1	9.14	86400	9311
2023	E009N56DB	1	Animalia	5307	Mustelidae	5218987	Mustela nivalis	1	980	86400	23427
2023	E009N56DD	1	Animalia	5298	Cervidae	2440954	Cervus nippon	1	114.82	86400	34858
2023	E009N57CC	1	Animalia	9456	Sciuridae	8211070	Sciurus vulgaris	1	990	86400	15823
2023	E009N57DD	1	Animalia	9368	Vespertilionidae	2432359	Eptesicus serotinus	1	4.97	86400	16848
2023	E010N54BA	1	Animalia	5510	Muridae	2437756	Apodemus flavicollis	1	11.96	86400	4493
2023	E010N55AA	1	Animalia	3240723	Cricetidae	4265185	Arvicola amphibius	7	930	86400	1954
2023	E010N55BA	1	Animalia	5722	Erinaceidae	5219616	Erinaceus europaeus	2	5	86400	3807
2023	E010N55CB	1	Animalia	9456	Sciuridae	8211070	Sciurus vulgaris	19	0.5	1	15823
2023	E010N55DA	1	Animalia	9456	Sciuridae	8211070	Sciurus vulgaris	26	0.5	86400	15823
2023	E010N55DD	1	Animalia	5722	Erinaceidae	5219616	Erinaceus europaeus	2	11.9	86400	3807
2023	E010N56AC	1	Animalia	5307	Mustelidae	5218878	Martes martes	1	5	86400	23427
2023	E010N56CA	1	Animalia	3240723	Cricetidae	5706764	Myodes glareolus	2	35	86400	1954
2023	E010N56CC	1	Animalia	9368	Vespertilionidae	5218524	Nyctalus noctula	1	0.5	86400	16848
2023	E010N56DA	1	Animalia	5298	Cervidae	5220136	Dama dama	1	803	86400	34858
2023	E010N56DC	1	Animalia	9469	Talpidae	7872906	Talpa europaea	1	0.5	86400	753
2023	E010N57BC	1	Animalia	5307	Mustelidae	2433875	Meles meles	1	230	86400	23427
2023	E010N57CB	1	Animalia	9456	Sciuridae	8211070	Sciurus vulgaris	1	820	86400	15823
2023	E010N57DB	1	Animalia	5722	Erinaceidae	5219616	Erinaceus europaeus	1	4.84	86400	3807
2023	E011N54BA	1	Animalia	9368	Vespertilionidae	5218465	Pipistrellus pipistrellus	1	50	86400	16848
2023	E011N54BC	1	Animalia	5534	Soricidae	7571319	Sorex minutus	1	816	1	1360
2023	E011N55AC	1	Animalia	5307	Mustelidae	5218887	Martes foina	2	4	1	23427
2023	E011N55BA	1	Animalia	5307	Mustelidae	5218878	Martes martes	2	50	86400	23427
2023	E011N55BC	1	Animalia	5298	Cervidae	2440958	Cervus elaphus	1	27	86400	34858
2023	E011N55CA	1	Animalia	5310	Phocidae	2434793	Phoca vitulina	1	20	86400	39284
2023	E011N55DA	1	Animalia	5307	Mustelidae	5218887	Martes foina	1	50	86400	23427
2023	E011N55DD	1	Animalia	5310	Phocidae	2434793	Phoca vitulina	3	5	60	39284
2023	E012N54AA	1	Animalia	9368	Vespertilionidae	5218465	Pipistrellus pipistrellus	13	3	86400	16848
2023	E012N54BA	1	Animalia	5722	Erinaceidae	5219616	Erinaceus europaeus	1	5.36	86400	3807
2023	E012N55AB	1	Animalia	5493	Castoridae	4409131	Castor fiber	3	50	86400	200
2023	E012N55AC	1	Animalia	5722	Erinaceidae	5219616	Erinaceus europaeus	7	0.5	1	3807
2023	E012N55BA	1	Animalia	9368	Vespertilionidae	2432564	Vespertilio murinus	2	50	86400	16848
2023	E012N55BC	1	Animalia	5510	Muridae	2437756	Apodemus flavicollis	3	3.76	86400	4493
2023	E012N55CA	1	Animalia	9469	Talpidae	7872906	Talpa europaea	1	12.69	86400	753
2023	E012N55CD	1	Animalia	5298	Cervidae	5220126	Capreolus capreolus	3	15	86400	34858
2023	E012N56CD	1	Animalia	5307	Mustelidae	5218878	Martes martes	1	730	86400	23427
2023	E014N55DC	1	Animalia	5722	Erinaceidae	5219616	Erinaceus europaeus	1	24	86400	3807
2022	E008N54BA	1	Animalia	9701	Canidae	5219243	Vulpes vulpes	2	30.7	86400	9311
2022	E008N55AC	1	Animalia	5298	Cervidae	2440958	Cervus elaphus	37	3.79	1	34858
2022	E008N55BB	1	Animalia	3240723	Cricetidae	4265185	Arvicola amphibius	1	11.51	86400	1954
2022	E008N55BD	1	Animalia	5298	Cervidae	5220126	Capreolus capreolus	3	75.17	86400	34858
2022	E008N55DB	1	Animalia	5298	Cervidae	2440958	Cervus elaphus	1	800	86400	34858
2022	E008N55DD	1	Animalia	9456	Sciuridae	8211070	Sciurus vulgaris	2	1000	1	15823
2022	E008N56AD	1	Animalia	9379	Leporidae	7952072	Lepus europaeus	1	5	86400	45524
2022	E008N56CA	1	Animalia	5307	Mustelidae	2433753	Lutra lutra	13	3	86400	23427
2022	E008N56CD	1	Animalia	5298	Cervidae	2440958	Cervus elaphus	1	178.16	86400	34858
2022	E008N56DC	1	Animalia	5493	Castoridae	4409131	Castor fiber	1	100	86400	200
2022	E009N54AA	1	Animalia	5307	Mustelidae	2433753	Lutra lutra	11	3	86400	23427
2022	E009N54BA	1	Animalia	5510	Muridae	7429082	Mus musculus	1	360	86400	4493
2022	E009N55AB	1	Animalia	5722	Erinaceidae	5219616	Erinaceus europaeus	2	1000	1	3807
2022	E009N55AD	1	Animalia	9456	Sciuridae	8211070	Sciurus vulgaris	4	5	1	15823
2022	E009N55BB	1	Animalia	5298	Cervidae	5220126	Capreolus capreolus	20	0.5	60	34858
2022	E009N55BD	1	Animalia	9368	Vespertilionidae	2432359	Eptesicus serotinus	4	113.14	86400	16848
2022	E009N55CB	1	Animalia	5307	Mustelidae	2433875	Meles meles	1	1000	1	23427
2022	E009N55CD	1	Animalia	9368	Vespertilionidae	5218465	Pipistrellus pipistrellus	3	113.14	86400	16848
2022	E009N55DA	1	Animalia	9379	Leporidae	7952072	Lepus europaeus	4	50	86400	45524
2022	E009N56AB	1	Animalia	5307	Mustelidae	2433753	Lutra lutra	3	3	86400	23427
2022	E009N56BA	1	Animalia	5510	Muridae	2437756	Apodemus flavicollis	2	7	1	4493
2022	E009N56BC	1	Animalia	5298	Cervidae	2440958	Cervus elaphus	1	25	86400	34858
2022	E009N56CB	1	Animalia	9701	Canidae	5219243	Vulpes vulpes	3	3	1	9311
2022	E009N56DA	1	Animalia	9701	Canidae	2434552	Nyctereutes procyonoides	4	10	1	9311
2022	E009N56DB	1	Animalia	5298	Cervidae	5220126	Capreolus capreolus	25	0.5	86400	34858
2022	E009N56DC	1	Animalia	9456	Sciuridae	8211070	Sciurus vulgaris	9	4	1	15823
2022	E009N57BD	1	Animalia	5298	Cervidae	5220126	Capreolus capreolus	5	36	1	34858
2022	E009N57DA	1	Animalia	5298	Cervidae	5220126	Capreolus capreolus	3	20	86400	34858
2022	E009N58DD	1	Animalia	9361	Phocoenidae	2440669	Phocoena phocoena	1	1000	86400	19402
2022	E010N54BC	1	Animalia	9379	Leporidae	7952072	Lepus europaeus	3	50	86400	45524
2022	E010N55AD	1	Animalia	9379	Leporidae	7952072	Lepus europaeus	11	19	86400	45524
2022	E010N55CB	1	Animalia	9368	Vespertilionidae	2432439	Myotis daubentonii	1	1000	1	16848
2022	E010N55CD	1	Animalia	5510	Muridae	7429082	Mus musculus	1	24	1	4493
2022	E010N55DC	1	Animalia	9361	Phocoenidae	2440669	Phocoena phocoena	3	50	86400	19402
2022	E010N56AA	1	Animalia	5722	Erinaceidae	5219616	Erinaceus europaeus	1	100	86400	3807
2022	E010N56BC	1	Animalia	5310	Phocidae	2434793	Phoca vitulina	1	660	86400	39284
2022	E010N56CB	1	Animalia	9469	Talpidae	7872906	Talpa europaea	3	9	1	753
2022	E010N56CC	1	Animalia	9368	Vespertilionidae	5707150	Pipistrellus pygmaeus	25	3	1	16848
2022	E010N56DB	1	Animalia	9379	Leporidae	7952072	Lepus europaeus	11	50	86400	45524
2022	E010N57AD	1	Animalia	5307	Mustelidae	2433753	Lutra lutra	10	0.5	86400	23427
2022	E010N57BC	1	Animalia	9368	Vespertilionidae	5218471	Pipistrellus nathusii	6	113.14	86400	16848
2022	E010N57CC	1	Animalia	9368	Vespertilionidae	2432359	Eptesicus serotinus	6	10.98	86400	16848
2022	E010N57DA	1	Animalia	9701	Canidae	5219243	Vulpes vulpes	2	3	1	9311
2022	E011N54BA	1	Animalia	5307	Mustelidae	2433753	Lutra lutra	2	3	86400	23427
2022	E011N54BC	1	Animalia	5310	Phocidae	2434793	Phoca vitulina	2	433	86400	39284
2022	E011N55AA	1	Animalia	5310	Phocidae	2434793	Phoca vitulina	1	50	86400	39284
2022	E011N55AD	1	Animalia	5307	Mustelidae	5218887	Martes foina	1	50	86400	23427
2022	E011N55BB	1	Animalia	5310	Phocidae	2434806	Halichoerus grypus	1	50	86400	39284
2022	E011N55BD	1	Animalia	9368	Vespertilionidae	2432439	Myotis daubentonii	8	113.14	86400	16848
2022	E011N55CA	1	Animalia	9368	Vespertilionidae	5707150	Pipistrellus pygmaeus	10	3	86400	16848
2022	E011N55CD	1	Animalia	9368	Vespertilionidae	2432564	Vespertilio murinus	4	3	86400	16848
2022	E011N55DB	1	Animalia	5307	Mustelidae	5218887	Martes foina	2	6	1	23427
2022	E011N56BC	1	Animalia	5310	Phocidae	2434793	Phoca vitulina	1	1000	1	39284
2022	E012N54AB	1	Animalia	9379	Leporidae	7952072	Lepus europaeus	2	50	86400	45524
2022	E012N55AA	1	Animalia	5722	Erinaceidae	5219616	Erinaceus europaeus	3	5	1	3807
2022	E012N55AB	1	Animalia	9701	Canidae	5219243	Vulpes vulpes	74	0.5	60	9311
2022	E012N55AD	1	Animalia	9368	Vespertilionidae	5218465	Pipistrellus pipistrellus	1	35	86400	16848
2022	E012N55BA	1	Animalia	5307	Mustelidae	5218823	Mustela vison	2	12	86400	23427
2022	E012N55BC	1	Animalia	5510	Muridae	5219833	Micromys minutus	1	7	1	4493
2022	E012N55CB	1	Animalia	5310	Phocidae	2434806	Halichoerus grypus	3	650	86400	39284
2022	E012N56CC	1	Animalia	3240723	Cricetidae	2438616	Microtus agrestis	1	890	86400	1954
2022	E012N56CD	1	Animalia	9368	Vespertilionidae	5218471	Pipistrellus nathusii	10	113.14	86400	16848
2022	E014N55DA	1	Animalia	9379	Leporidae	7952072	Lepus europaeus	4	710	86400	45524
2022	E014N55DD	1	Animalia	5722	Erinaceidae	5219616	Erinaceus europaeus	4	0.5	86400	3807
2021	E008N54BB	1	Animalia	9368	Vespertilionidae	2432359	Eptesicus serotinus	2	225.34	86400	16848
2021	E008N55AC	1	Animalia	5307	Mustelidae	2433753	Lutra lutra	7	50	86400	23427
2021	E008N55BA	1	Animalia	5307	Mustelidae	5219019	Mustela erminea	2	50	86400	23427
2021	E008N55CB	1	Animalia	5310	Phocidae	2434793	Phoca vitulina	18	4	1	39284
2021	E008N55DB	1	Animalia	9701	Canidae	5219243	Vulpes vulpes	2	50	86400	9311
2021	E008N56AC	1	Animalia	5307	Mustelidae	2433753	Lutra lutra	3	50	86400	23427
2021	E008N56BC	1	Animalia	9368	Vespertilionidae	2432564	Vespertilio murinus	10	3	86400	16848
2021	E008N56CB	1	Animalia	9368	Vespertilionidae	2432359	Eptesicus serotinus	4	3	86400	16848
2021	E008N56DA	1	Animalia	5307	Mustelidae	2433753	Lutra lutra	1	50	86400	23427
2021	E008N56DD	1	Animalia	5510	Muridae	2437756	Apodemus flavicollis	2	0.5	86400	4493
2021	E009N54AB	1	Animalia	9368	Vespertilionidae	2432439	Myotis daubentonii	1	632.18	86400	16848
2021	E009N54BB	1	Animalia	5310	Phocidae	2434793	Phoca vitulina	1	241	1	39284
2021	E009N55AC	1	Animalia	5307	Mustelidae	5219019	Mustela erminea	1	760	86400	23427
2021	E009N55BB	1	Animalia	9361	Phocoenidae	2440669	Phocoena phocoena	1	4	1	19402
2021	E009N55BC	1	Animalia	5307	Mustelidae	5218887	Martes foina	1	1000	86400	23427
2021	E009N55CB	1	Animalia	5310	Phocidae	2434793	Phoca vitulina	1	311	1	39284
2021	E009N55DA	1	Animalia	9361	Phocoenidae	2440669	Phocoena phocoena	2	50	86400	19402
2021	E009N55DD	1	Animalia	5298	Cervidae	5220136	Dama dama	1	470	86400	34858
2021	E009N56AC	1	Animalia	5307	Mustelidae	5218911	Mustela putorius	1	50	86400	23427
2021	E009N56BA	1	Animalia	9701	Canidae	5219243	Vulpes vulpes	2	9	86400	9311
2021	E009N56BC	1	Animalia	5534	Soricidae	8316400	Sorex araneus	1	165	1	1360
2021	E009N56CB	1	Animalia	9469	Talpidae	7872906	Talpa europaea	2	4	1	753
2021	E009N56DA	1	Animalia	5298	Cervidae	2440954	Cervus nippon	1	128.52	86400	34858
2021	E009N56DB	1	Animalia	9469	Talpidae	7872906	Talpa europaea	6	5	1	753
2021	E009N56DD	1	Animalia	5307	Mustelidae	5219019	Mustela erminea	1	164	60	23427
2021	E009N57DA	1	Animalia	9456	Sciuridae	8211070	Sciurus vulgaris	6	7	1	15823
2021	E009N57DD	1	Animalia	5298	Cervidae	5220126	Capreolus capreolus	22	8	1	34858
2021	E010N55AA	1	Animalia	5510	Muridae	2437756	Apodemus flavicollis	1	870	86400	4493
2021	E010N55AC	1	Animalia	5534	Soricidae	7571319	Sorex minutus	1	4	1	1360
2021	E010N55CA	1	Animalia	5298	Cervidae	5220126	Capreolus capreolus	2	9	1	34858
2021	E010N55DA	1	Animalia	9368	Vespertilionidae	2432359	Eptesicus serotinus	1	406.18	86400	16848
2021	E010N55DC	1	Animalia	9368	Vespertilionidae	2432439	Myotis daubentonii	2	400.08	86400	16848
2021	E010N56AA	1	Animalia	9368	Vespertilionidae	2432452	Myotis dasycneme	2	146.13	86400	16848
2021	E010N56AC	1	Animalia	5534	Soricidae	8316400	Sorex araneus	1	1000	86400	1360
2021	E010N56CB	1	Animalia	9368	Vespertilionidae	2432439	Myotis daubentonii	1	673.98	86400	16848
2021	E010N56CC	1	Animalia	9361	Phocoenidae	2440669	Phocoena phocoena	7	5	86400	19402
2021	E010N56DA	1	Animalia	9614	Bovidae	2441184	Bison bonasus	1	250	86400	103
2021	E010N56DB	1	Animalia	5298	Cervidae	5220136	Dama dama	1	910	86400	34858
2021	E010N57AD	1	Animalia	5310	Phocidae	2434806	Halichoerus grypus	2	50	86400	39284
2021	E010N57BC	1	Animalia	5307	Mustelidae	5218987	Mustela nivalis	3	50	86400	23427
2021	E010N57CC	1	Animalia	9701	Canidae	5219243	Vulpes vulpes	2	50	86400	9311
2021	E011N54AA	1	Animalia	5298	Cervidae	2440954	Cervus nippon	1	1000	86400	34858
2021	E011N54BA	1	Animalia	5307	Mustelidae	5219019	Mustela erminea	1	50	86400	23427
2021	E011N54BC	1	Animalia	9368	Vespertilionidae	5707150	Pipistrellus pygmaeus	1	699.09	86400	16848
2021	E011N55AB	1	Animalia	5534	Soricidae	8316400	Sorex araneus	1	50	86400	1360
2021	E011N55AD	1	Animalia	9379	Leporidae	7952072	Lepus europaeus	20	21.06	86400	45524
2021	E011N55BB	1	Animalia	5722	Erinaceidae	5219616	Erinaceus europaeus	6	0.5	1	3807
2021	E011N55BD	1	Animalia	9368	Vespertilionidae	5707150	Pipistrellus pygmaeus	1	28.3	86400	16848
2021	E011N55CD	1	Animalia	9368	Vespertilionidae	2432582	Barbastella barbastellus	1	628.7	86400	16848
2021	E011N55DB	1	Animalia	9368	Vespertilionidae	2432439	Myotis daubentonii	15	3	86400	16848
2021	E011N55DD	1	Animalia	5298	Cervidae	5220126	Capreolus capreolus	10	0.5	1	34858
2021	E012N54AA	1	Animalia	5307	Mustelidae	5218887	Martes foina	1	50	86400	23427
2021	E012N55AA	1	Animalia	5722	Erinaceidae	5219616	Erinaceus europaeus	5	4	1	3807
2021	E012N55AB	1	Animalia	3240723	Cricetidae	5706764	Myodes glareolus	6	149	86400	1954
2021	E012N55AD	1	Animalia	9703	Felidae	2435035	Felis catus	3	50	86400	753
2021	E012N55BA	1	Animalia	5298	Cervidae	5220126	Capreolus capreolus	109	4	60	34858
2021	E012N55BC	1	Animalia	5534	Soricidae	8316400	Sorex araneus	4	5	1	1360
2021	E012N55CC	1	Animalia	9368	Vespertilionidae	2432564	Vespertilio murinus	1	495.74	86400	16848
2021	E012N56CC	1	Animalia	9361	Phocoenidae	2440669	Phocoena phocoena	4	50	86400	19402
2021	E012N56CD	1	Animalia	9379	Leporidae	7952072	Lepus europaeus	3	30	86400	45524
2021	E014N55DB	1	Animalia	9379	Leporidae	7952072	Lepus europaeus	3	200	86400	45524
2021	E015N55CC	1	Animalia	5510	Muridae	7429082	Mus musculus	1	820	86400	4493
2020	E008N55AB	1	Animalia	9701	Canidae	5219243	Vulpes vulpes	6	21	86400	9311
2020	E008N55BA	1	Animalia	9368	Vespertilionidae	2432452	Myotis dasycneme	1	320.5	86400	16848
2020	E008N55BD	1	Animalia	9701	Canidae	2434552	Nyctereutes procyonoides	1	860	86400	9311
2020	E008N55DB	1	Animalia	9368	Vespertilionidae	2432564	Vespertilio murinus	1	604.03	86400	16848
2020	E008N55DD	1	Animalia	9368	Vespertilionidae	5707150	Pipistrellus pygmaeus	1	681.64	86400	16848
2020	E008N56BA	1	Animalia	5510	Muridae	2437756	Apodemus flavicollis	1	0.5	86400	4493
2020	E008N56BD	1	Animalia	9368	Vespertilionidae	5218524	Nyctalus noctula	5	3	86400	16848
2020	E008N56CC	1	Animalia	9701	Canidae	5219243	Vulpes vulpes	1	1000	1	9311
2020	E008N56DB	1	Animalia	9379	Leporidae	7952072	Lepus europaeus	3	50	86400	45524
2020	E008N57DC	1	Animalia	9379	Leporidae	7952072	Lepus europaeus	1	410	86400	45524
2020	E009N54BB	1	Animalia	9701	Canidae	2434552	Nyctereutes procyonoides	1	1000	86400	9311
2020	E009N55AB	1	Animalia	5298	Cervidae	2440958	Cervus elaphus	1	740	86400	34858
2020	E009N55BA	1	Animalia	5307	Mustelidae	2433753	Lutra lutra	1	910	86400	23427
2020	E009N55BC	1	Animalia	9361	Phocoenidae	2440669	Phocoena phocoena	11	6	1	19402
2020	E009N55CA	1	Animalia	5298	Cervidae	5220126	Capreolus capreolus	23	21	60	34858
2020	E009N55CB	1	Animalia	5534	Soricidae	8316400	Sorex araneus	3	5	1	1360
2020	E009N55DA	1	Animalia	9379	Leporidae	7952072	Lepus europaeus	1	50	86400	45524
2020	E009N56AB	1	Animalia	9701	Canidae	2434552	Nyctereutes procyonoides	2	1000	86400	9311
2020	E009N56BB	1	Animalia	9368	Vespertilionidae	2432359	Eptesicus serotinus	2	284.97	86400	16848
2020	E009N56BC	1	Animalia	9456	Sciuridae	8211070	Sciurus vulgaris	5	850	60	15823
2020	E009N56CB	1	Animalia	5298	Cervidae	2440958	Cervus elaphus	1	4	1	34858
2020	E009N56CD	1	Animalia	9379	Leporidae	7952072	Lepus europaeus	8	750	86400	45524
2020	E009N56DB	1	Animalia	5722	Erinaceidae	5219616	Erinaceus europaeus	1	1000	1	3807
2020	E009N56DC	1	Animalia	9379	Leporidae	7952072	Lepus europaeus	5	50	86400	45524
2020	E009N57CD	1	Animalia	9368	Vespertilionidae	2432452	Myotis dasycneme	1	706.94	86400	16848
2020	E009N57DD	1	Animalia	5307	Mustelidae	2433753	Lutra lutra	1	50	86400	23427
2020	E010N54BA	1	Animalia	5298	Cervidae	5220126	Capreolus capreolus	4	10	1	34858
2020	E010N55AA	1	Animalia	5534	Soricidae	8316400	Sorex araneus	5	10	1	1360
2020	E010N55BA	1	Animalia	9379	Leporidae	7952072	Lepus europaeus	1	106	86400	45524
2020	E010N55CB	1	Animalia	3240723	Cricetidae	5706764	Myodes glareolus	1	750	86400	1954
2020	E010N55DB	1	Animalia	5298	Cervidae	5220126	Capreolus capreolus	3	610	86400	34858
2020	E010N56AA	1	Animalia	9701	Canidae	5219243	Vulpes vulpes	21	5	1	9311
2020	E010N56BC	1	Animalia	5310	Phocidae	2434793	Phoca vitulina	2	203	1	39284
2020	E010N56CC	1	Animalia	5510	Muridae	2437756	Apodemus flavicollis	6	30	1	4493
2020	E010N56DA	1	Animalia	5307	Mustelidae	5218911	Mustela putorius	1	5	86400	23427
2020	E010N56DC	1	Animalia	5534	Soricidae	8316400	Sorex araneus	1	12	60	1360
2020	E010N57BC	1	Animalia	5307	Mustelidae	5218887	Martes foina	1	20	86400	23427
2020	E010N57CC	1	Animalia	5310	Phocidae	2434793	Phoca vitulina	2	50	86400	39284
2020	E010N57DB	1	Animalia	5722	Erinaceidae	5219616	Erinaceus europaeus	1	50	86400	3807
2020	E011N54BA	1	Animalia	5307	Mustelidae	5219019	Mustela erminea	1	50	86400	23427
2020	E011N54BC	1	Animalia	5298	Cervidae	5220126	Capreolus capreolus	12	13	1	34858
2020	E011N55AB	1	Animalia	3240723	Cricetidae	5706764	Myodes glareolus	1	10	1	1954
2020	E011N55BA	1	Animalia	9368	Vespertilionidae	2432564	Vespertilio murinus	1	319.28	86400	16848
2020	E011N55BC	1	Animalia	3240723	Cricetidae	5706764	Myodes glareolus	1	1000	86400	1954
2020	E011N55CB	1	Animalia	9368	Vespertilionidae	2432359	Eptesicus serotinus	15	3	86400	16848
2020	E011N55CD	1	Animalia	9368	Vespertilionidae	5218471	Pipistrellus nathusii	27	3	86400	16848
2020	E011N55DB	1	Animalia	9379	Leporidae	7952072	Lepus europaeus	10	23	86400	45524
2020	E011N56DD	1	Animalia	5310	Phocidae	2434806	Halichoerus grypus	1	940	86400	39284
2020	E012N54AB	1	Animalia	5307	Mustelidae	5218911	Mustela putorius	1	980	86400	23427
2020	E012N55AA	1	Animalia	5307	Mustelidae	5218911	Mustela putorius	4	30	86400	23427
2020	E012N55AB	1	Animalia	5722	Erinaceidae	5219616	Erinaceus europaeus	8	0.5	86400	3807
2020	E012N55AD	1	Animalia	5310	Phocidae	2434806	Halichoerus grypus	1	0.5	86400	39284
2020	E012N55BA	1	Animalia	9701	Canidae	5219243	Vulpes vulpes	3	50	86400	9311
2020	E012N55CA	1	Animalia	9368	Vespertilionidae	2432359	Eptesicus serotinus	1	760.36	86400	16848
2020	E012N55CC	1	Animalia	9456	Sciuridae	8211070	Sciurus vulgaris	2	2	1	15823
2020	E012N56CC	1	Animalia	5534	Soricidae	8316400	Sorex araneus	3	8	1	1360
2020	E012N56DC	1	Animalia	9456	Sciuridae	8211070	Sciurus vulgaris	3	24	1	15823
2020	E015N54AA	1	Animalia	9379	Leporidae	7952072	Lepus europaeus	4	60	86400	45524
2019	E008N54BB	1	Animalia	3240723	Cricetidae	4265185	Arvicola amphibius	1	680	86400	1954
2019	E008N55AD	1	Animalia	9368	Vespertilionidae	2432439	Myotis daubentonii	4	122.62	86400	16848
2019	E008N55CB	1	Animalia	9379	Leporidae	7952072	Lepus europaeus	2	840	86400	45524
2019	E008N55DD	1	Animalia	5307	Mustelidae	2433875	Meles meles	1	50	86400	23427
2019	E008N56AD	1	Animalia	5307	Mustelidae	5218911	Mustela putorius	1	50	86400	23427
2019	E008N56CC	1	Animalia	5298	Cervidae	5220126	Capreolus capreolus	2	50	86400	34858
2019	E008N56DB	1	Animalia	5298	Cervidae	5220136	Dama dama	10	50	86400	34858
2019	E009N54AA	1	Animalia	5298	Cervidae	5220126	Capreolus capreolus	2	720	86400	34858
2019	E009N55AA	1	Animalia	5298	Cervidae	5220136	Dama dama	10	24	86400	34858
2019	E009N55BA	1	Animalia	9368	Vespertilionidae	2432439	Myotis daubentonii	1	716.24	86400	16848
2019	E009N55BB	1	Animalia	9701	Canidae	5219243	Vulpes vulpes	7	3	86400	9311
2019	E009N55BD	1	Animalia	5310	Phocidae	2434793	Phoca vitulina	1	50	86400	39284
2019	E009N55CD	1	Animalia	9701	Canidae	5219243	Vulpes vulpes	2	122	60	9311
2019	E009N56AA	1	Animalia	5298	Cervidae	5220126	Capreolus capreolus	2	157.5	86400	34858
2019	E009N56BB	1	Animalia	9456	Sciuridae	8211070	Sciurus vulgaris	1	140	86400	15823
2019	E009N56CB	1	Animalia	9368	Vespertilionidae	5218465	Pipistrellus pipistrellus	1	822.28	86400	16848
2019	E009N56DA	1	Animalia	5722	Erinaceidae	5219616	Erinaceus europaeus	1	19	60	3807
2019	E009N56DC	1	Animalia	9368	Vespertilionidae	5218471	Pipistrellus nathusii	12	3	86400	16848
2019	E009N57CC	1	Animalia	9701	Canidae	2434552	Nyctereutes procyonoides	1	1000	86400	9311
2019	E009N57DC	1	Animalia	5722	Erinaceidae	5219616	Erinaceus europaeus	1	1000	60	3807
2019	E010N54BC	1	Animalia	5307	Mustelidae	2433875	Meles meles	2	790	86400	23427
2019	E010N55BC	1	Animalia	5310	Phocidae	2434793	Phoca vitulina	1	960	86400	39284
2019	E010N55CD	1	Animalia	5298	Cervidae	5220126	Capreolus capreolus	22	15	60	34858
2019	E010N56AA	1	Animalia	9701	Canidae	2434552	Nyctereutes procyonoides	1	50	86400	9311
2019	E010N56AD	1	Animalia	9379	Leporidae	7952072	Lepus europaeus	4	550	86400	45524
2019	E010N56CC	1	Animalia	5510	Muridae	2437756	Apodemus flavicollis	1	50	86400	4493
2019	E010N56DA	1	Animalia	3240723	Cricetidae	5706764	Myodes glareolus	1	480	86400	1954
2019	E010N57AD	1	Animalia	9701	Canidae	5219173	Canis lupus	2	50	86400	9311
2019	E010N57CB	1	Animalia	5510	Muridae	2437756	Apodemus flavicollis	4	50	86400	4493
2019	E011N54AA	1	Animalia	9701	Canidae	5219243	Vulpes vulpes	1	560	86400	9311
2019	E011N54BA	1	Animalia	5298	Cervidae	5220136	Dama dama	1	50	86400	34858
2019	E011N54BC	1	Animalia	9368	Vespertilionidae	5707150	Pipistrellus pygmaeus	1	587.45	86400	16848
2019	E011N55AB	1	Animalia	9379	Leporidae	7952072	Lepus europaeus	2	340	86400	45524
2019	E011N55BA	1	Animalia	3240723	Cricetidae	5706764	Myodes glareolus	2	10	60	1954
2019	E011N55BC	1	Animalia	9456	Sciuridae	8211070	Sciurus vulgaris	2	122	60	15823
2019	E011N55CB	1	Animalia	9368	Vespertilionidae	2432359	Eptesicus serotinus	12	3	86400	16848
2019	E011N55DA	1	Animalia	9456	Sciuridae	8211070	Sciurus vulgaris	5	50	86400	15823
2019	E011N55DD	1	Animalia	9368	Vespertilionidae	5218507	Plecotus auritus	14	3	86400	16848
2019	E012N54AA	1	Animalia	9368	Vespertilionidae	5707150	Pipistrellus pygmaeus	3	50	86400	16848
2019	E012N55AA	1	Animalia	5298	Cervidae	5220126	Capreolus capreolus	28	12.36	86400	34858
2019	E012N55AC	1	Animalia	9368	Vespertilionidae	2432359	Eptesicus serotinus	2	210.8	86400	16848
2019	E012N55AD	1	Animalia	9456	Sciuridae	8211070	Sciurus vulgaris	103	5	1	15823
2019	E012N55BC	1	Animalia	5310	Phocidae	2434793	Phoca vitulina	2	34	1	39284
2019	E012N55CB	1	Animalia	5310	Phocidae	2434793	Phoca vitulina	2	50	86400	39284
2019	E012N56CC	1	Animalia	5493	Castoridae	4409131	Castor fiber	3	10	86400	200
2019	E014N55DB	1	Animalia	9703	Felidae	2435035	Felis catus	3	14	86400	753
2019	E015N55CC	1	Animalia	5307	Mustelidae	5218823	Mustela vison	2	500	86400	23427
2018	E008N55AB	1	Animalia	5307	Mustelidae	5219019	Mustela erminea	2	50	86400	23427
2018	E008N55BC	1	Animalia	9701	Canidae	2434552	Nyctereutes procyonoides	4	50	86400	9311
2018	E008N55DC	1	Animalia	5307	Mustelidae	2433753	Lutra lutra	1	25	86400	23427
2018	E008N56AD	1	Animalia	9701	Canidae	2434552	Nyctereutes procyonoides	1	1000	86400	9311
2018	E008N56CD	1	Animalia	9701	Canidae	2434552	Nyctereutes procyonoides	3	17	86400	9311
2018	E008N56DD	1	Animalia	5510	Muridae	2437756	Apodemus flavicollis	1	15	60	4493
2018	E009N54BA	1	Animalia	5298	Cervidae	5220126	Capreolus capreolus	4	33	86400	34858
2018	E009N55AD	1	Animalia	9701	Canidae	5219243	Vulpes vulpes	2	61.68	86400	9311
2018	E009N55BC	1	Animalia	3240723	Cricetidae	4265185	Arvicola amphibius	1	7	86400	1954
2018	E009N55CD	1	Animalia	9701	Canidae	2434552	Nyctereutes procyonoides	4	1000	86400	9311
2018	E009N55DD	1	Animalia	9456	Sciuridae	8211070	Sciurus vulgaris	4	170	86400	15823
2018	E009N56BB	1	Animalia	5307	Mustelidae	5218878	Martes martes	1	400	86400	23427
2018	E009N56CB	1	Animalia	5493	Castoridae	4409131	Castor fiber	1	5	86400	200
2018	E009N56DB	1	Animalia	9368	Vespertilionidae	5707150	Pipistrellus pygmaeus	1	653.95	86400	16848
2018	E009N57CD	1	Animalia	5298	Cervidae	5220126	Capreolus capreolus	1	840	86400	34858
2018	E010N54AB	1	Animalia	5298	Cervidae	5220136	Dama dama	1	50	86400	34858
2018	E010N55AB	1	Animalia	5310	Phocidae	2434793	Phoca vitulina	1	221	86400	39284
2018	E010N55CB	1	Animalia	5310	Phocidae	2434793	Phoca vitulina	2	50	86400	39284
2018	E010N55DB	1	Animalia	9379	Leporidae	7952072	Lepus europaeus	2	610	86400	45524
2018	E010N56AC	1	Animalia	9361	Phocoenidae	2440669	Phocoena phocoena	1	100	86400	19402
2018	E010N56CB	1	Animalia	5307	Mustelidae	2433753	Lutra lutra	1	100	86400	23427
2018	E010N56CC	1	Animalia	9456	Sciuridae	8211070	Sciurus vulgaris	15	9	1	15823
2018	E010N57AD	1	Animalia	9361	Phocoenidae	2440669	Phocoena phocoena	1	680	86400	19402
2018	E010N57CA	1	Animalia	9379	Leporidae	7952072	Lepus europaeus	1	41.6	86400	45524
2018	E011N54AD	1	Animalia	5307	Mustelidae	5219019	Mustela erminea	1	50	86400	23427
2018	E011N55AA	1	Animalia	5298	Cervidae	5220126	Capreolus capreolus	1	860	86400	34858
2018	E011N55BB	1	Animalia	5310	Phocidae	2434793	Phoca vitulina	6	50	1	39284
2018	E011N55BD	1	Animalia	9379	Leporidae	7952072	Lepus europaeus	10	50	86400	45524
2018	E011N55DB	1	Animalia	5307	Mustelidae	5218823	Mustela vison	1	20	86400	23427
2018	E012N54AA	1	Animalia	9368	Vespertilionidae	2432564	Vespertilio murinus	25	3	86400	16848
2018	E012N54BA	1	Animalia	9368	Vespertilionidae	2432582	Barbastella barbastellus	9	3	86400	16848
2018	E012N55AB	1	Animalia	5510	Muridae	2437760	Apodemus sylvaticus	2	33	86400	4493
2018	E012N55AD	1	Animalia	5510	Muridae	2439261	Rattus norvegicus	8	4	86400	4493
2018	E012N55BC	1	Animalia	3240723	Cricetidae	4265185	Arvicola amphibius	1	390	86400	1954
2018	E012N55CC	1	Animalia	9368	Vespertilionidae	2432359	Eptesicus serotinus	27	3	86400	16848
2018	E012N55DC	1	Animalia	9368	Vespertilionidae	2432389	Myotis nattereri	2	3	86400	16848
2018	E012N56CD	1	Animalia	5722	Erinaceidae	5219616	Erinaceus europaeus	1	11	86400	3807
2018	E014N55DC	1	Animalia	9456	Sciuridae	8211070	Sciurus vulgaris	6	20	86400	15823
2018	E015N55CC	1	Animalia	9368	Vespertilionidae	2432439	Myotis daubentonii	2	479.03	86400	16848
2017	E008N54BB	1	Animalia	3240572	Myocastoridae	4264680	Myocastor coypus	1	3	86400	8
2017	E008N55AC	1	Animalia	5298	Cervidae	5220126	Capreolus capreolus	3	9	86400	34858
2017	E008N55CB	1	Animalia	9379	Leporidae	2436940	Oryctolagus cuniculus	2	25	86400	45524
2017	E008N55DD	1	Animalia	5298	Cervidae	2440958	Cervus elaphus	4	50	86400	34858
2017	E008N56BA	1	Animalia	9701	Canidae	5219243	Vulpes vulpes	1	3	86400	9311
2017	E008N56CC	1	Animalia	5298	Cervidae	5220126	Capreolus capreolus	1	75	86400	34858
2017	E008N56DD	1	Animalia	5298	Cervidae	5220126	Capreolus capreolus	10	50	86400	34858
2017	E009N54BA	1	Animalia	5298	Cervidae	5220126	Capreolus capreolus	8	310	86400	34858
2017	E009N55AB	1	Animalia	5298	Cervidae	5220126	Capreolus capreolus	1	75	86400	34858
2017	E009N55BB	1	Animalia	9368	Vespertilionidae	5707150	Pipistrellus pygmaeus	2	810	86400	16848
2017	E009N55CC	1	Animalia	5307	Mustelidae	2433753	Lutra lutra	3	3	86400	23427
2017	E009N55DD	1	Animalia	5298	Cervidae	5220126	Capreolus capreolus	2	25	86400	34858
2017	E009N56BC	1	Animalia	5298	Cervidae	5220136	Dama dama	1	75	86400	34858
2017	E009N56DA	1	Animalia	5298	Cervidae	2440954	Cervus nippon	1	50	86400	34858
2017	E009N56DD	1	Animalia	9379	Leporidae	7952072	Lepus europaeus	11	25	86400	45524
2017	E009N57DC	1	Animalia	9379	Leporidae	7952072	Lepus europaeus	1	75	86400	45524
2017	E010N55AA	1	Animalia	5310	Phocidae	2434793	Phoca vitulina	6	75	86400	39284
2017	E010N55BC	1	Animalia	5298	Cervidae	5220126	Capreolus capreolus	1	75	86400	34858
2017	E010N55CD	1	Animalia	5307	Mustelidae	2433753	Lutra lutra	9	3	86400	23427
2017	E010N55DD	1	Animalia	5722	Erinaceidae	5219616	Erinaceus europaeus	1	210	86400	3807
2017	E010N56BD	1	Animalia	5298	Cervidae	2440958	Cervus elaphus	1	75	86400	34858
2017	E010N56CC	1	Animalia	9379	Leporidae	7952072	Lepus europaeus	16	20	86400	45524
2017	E010N57AD	1	Animalia	5307	Mustelidae	5218987	Mustela nivalis	1	75	86400	23427
2017	E010N57CA	1	Animalia	9701	Canidae	5219243	Vulpes vulpes	3	3	86400	9311
2017	E011N54AA	1	Animalia	5298	Cervidae	5220136	Dama dama	1	150	86400	34858
2017	E011N54BC	1	Animalia	9379	Leporidae	7952072	Lepus europaeus	4	133.17	86400	45524
2017	E011N55AD	1	Animalia	5307	Mustelidae	5218878	Martes martes	1	75	86400	23427
2017	E011N55BC	1	Animalia	9701	Canidae	5219243	Vulpes vulpes	2	3	86400	9311
2017	E011N55CC	1	Animalia	9456	Sciuridae	8211070	Sciurus vulgaris	1	710	86400	15823
2017	E011N55DD	1	Animalia	9368	Vespertilionidae	2432452	Myotis dasycneme	1	3	86400	16848
2017	E012N54AA	1	Animalia	9469	Talpidae	7872906	Talpa europaea	1	980	86400	753
2017	E012N55AB	1	Animalia	3240723	Cricetidae	4265185	Arvicola amphibius	2	50	86400	1954
2017	E012N55AD	1	Animalia	9368	Vespertilionidae	2432359	Eptesicus serotinus	1	3	86400	16848
2017	E012N55BC	1	Animalia	5310	Phocidae	2434793	Phoca vitulina	6	75	86400	39284
2017	E012N55CA	1	Animalia	9379	Leporidae	7952072	Lepus europaeus	24	20	86400	45524
2017	E012N55CD	1	Animalia	5298	Cervidae	5220126	Capreolus capreolus	2	72	86400	34858
2017	E012N56DC	1	Animalia	9703	Felidae	2435035	Felis catus	1	1000	1	753
2017	E015N55CC	1	Animalia	9703	Felidae	2435035	Felis catus	2	250	86400	753
2016	E008N55AA	1	Animalia	9701	Canidae	5219243	Vulpes vulpes	1	250	86400	9311
2016	E008N55BA	1	Animalia	5298	Cervidae	2440958	Cervus elaphus	2	50	86400	34858
2016	E008N55DB	1	Animalia	9701	Canidae	5219243	Vulpes vulpes	1	710	86400	9311
2016	E008N56BA	1	Animalia	5298	Cervidae	5220126	Capreolus capreolus	1	50	86400	34858
2016	E008N56DB	1	Animalia	9379	Leporidae	7952072	Lepus europaeus	1	38	86400	45524
2016	E009N54BA	1	Animalia	5298	Cervidae	5220126	Capreolus capreolus	2	75	86400	34858
2016	E009N55AB	1	Animalia	5722	Erinaceidae	5219616	Erinaceus europaeus	21	10	86400	3807
2016	E009N55BB	1	Animalia	9703	Felidae	2435035	Felis catus	1	870	86400	753
2016	E009N55CA	1	Animalia	3240723	Cricetidae	2438616	Microtus agrestis	1	580	86400	1954
2016	E009N55DC	1	Animalia	9361	Phocoenidae	2440669	Phocoena phocoena	1	75	86400	19402
2016	E009N56BB	1	Animalia	5298	Cervidae	5220136	Dama dama	2	790	86400	34858
2016	E009N56DA	1	Animalia	9368	Vespertilionidae	2432452	Myotis dasycneme	1	397.71	86400	16848
2016	E009N56DC	1	Animalia	9379	Leporidae	7952072	Lepus europaeus	4	25	86400	45524
2016	E009N57DC	1	Animalia	5298	Cervidae	5220136	Dama dama	1	980	86400	34858
2016	E010N55AA	1	Animalia	5310	Phocidae	2434806	Halichoerus grypus	1	75	86400	39284
2016	E010N55BC	1	Animalia	9379	Leporidae	7952072	Lepus europaeus	2	75	86400	45524
2016	E010N55DA	1	Animalia	9456	Sciuridae	8211070	Sciurus vulgaris	1	750	86400	15823
2016	E010N56AC	1	Animalia	5307	Mustelidae	5218911	Mustela putorius	1	50	86400	23427
2016	E010N56CC	1	Animalia	5307	Mustelidae	5219019	Mustela erminea	6	6	86400	23427
2016	E010N57AC	1	Animalia	9701	Canidae	5219243	Vulpes vulpes	2	790	86400	9311
2016	E010N57CB	1	Animalia	5298	Cervidae	5220126	Capreolus capreolus	1	820	86400	34858
2016	E011N54BB	1	Animalia	5307	Mustelidae	5218878	Martes martes	1	38	86400	23427
2016	E011N55AB	1	Animalia	9379	Leporidae	7952072	Lepus europaeus	1	5	86400	45524
2016	E011N55BB	1	Animalia	9361	Phocoenidae	2440669	Phocoena phocoena	10	75	86400	19402
2016	E011N55CA	1	Animalia	9379	Leporidae	7952072	Lepus europaeus	34	75	86400	45524
2016	E011N55DA	1	Animalia	5298	Cervidae	5220136	Dama dama	2	50	86400	34858
2016	E011N55DD	1	Animalia	9368	Vespertilionidae	5218471	Pipistrellus nathusii	3	335.68	86400	16848
2016	E012N54BA	1	Animalia	5298	Cervidae	5220126	Capreolus capreolus	17	38	86400	34858
2016	E012N55AB	1	Animalia	5298	Cervidae	5220126	Capreolus capreolus	46	13	86400	34858
2016	E012N55AD	1	Animalia	5307	Mustelidae	5219019	Mustela erminea	3	2	86400	23427
2016	E012N55BC	1	Animalia	5510	Muridae	2439261	Rattus norvegicus	9	4	1	4493
2016	E012N55CB	1	Animalia	9379	Leporidae	7952072	Lepus europaeus	1	75	86400	45524
2016	E012N56CC	1	Animalia	9456	Sciuridae	8211070	Sciurus vulgaris	2	5	86400	15823
2016	E014N55DC	1	Animalia	5298	Cervidae	5220126	Capreolus capreolus	4	50	86400	34858
2015	E003N55BB	1	Animalia	9361	Phocoenidae	2440669	Phocoena phocoena	2	1000	1	19402
2015	E008N54BB	1	Animalia	9456	Sciuridae	8211070	Sciurus vulgaris	1	850	86400	15823
2015	E008N55AD	1	Animalia	5307	Mustelidae	5219019	Mustela erminea	1	250	86400	23427
2015	E008N55CB	1	Animalia	9701	Canidae	5219243	Vulpes vulpes	1	250	86400	9311
2015	E008N55DC	1	Animalia	5722	Erinaceidae	5219616	Erinaceus europaeus	2	50	86400	3807
2015	E008N56BA	1	Animalia	9701	Canidae	5219243	Vulpes vulpes	1	856.64	86400	9311
2015	E008N56CB	1	Animalia	9379	Leporidae	7952072	Lepus europaeus	5	100	86400	45524
2015	E008N56DD	1	Animalia	9379	Leporidae	7952072	Lepus europaeus	12	5	86400	45524
2015	E009N54AB	1	Animalia	9368	Vespertilionidae	5218507	Plecotus auritus	2	632.18	86400	16848
2015	E009N54BB	1	Animalia	9368	Vespertilionidae	2432359	Eptesicus serotinus	2	562.61	86400	16848
2015	E009N55AD	1	Animalia	5307	Mustelidae	5218987	Mustela nivalis	1	5	86400	23427
2015	E009N55BC	1	Animalia	9361	Phocoenidae	2440669	Phocoena phocoena	2	25	86400	19402
2015	E009N55CB	1	Animalia	5298	Cervidae	5220126	Capreolus capreolus	1	640	86400	34858
2015	E009N55DB	1	Animalia	9701	Canidae	5219243	Vulpes vulpes	6	1	86400	9311
2015	E009N56AA	1	Animalia	9456	Sciuridae	8211070	Sciurus vulgaris	2	5	86400	15823
2015	E009N56BB	1	Animalia	5310	Phocidae	2434793	Phoca vitulina	1	1000	86400	39284
2015	E009N56CC	1	Animalia	5722	Erinaceidae	5219616	Erinaceus europaeus	1	100	86400	3807
2015	E009N56DA	1	Animalia	5307	Mustelidae	5218878	Martes martes	1	1000	86400	23427
2015	E009N56DC	1	Animalia	5722	Erinaceidae	5219616	Erinaceus europaeus	16	5	86400	3807
2015	E009N57CC	1	Animalia	9456	Sciuridae	8211070	Sciurus vulgaris	2	25	86400	15823
2015	E009N57DD	1	Animalia	5307	Mustelidae	5218987	Mustela nivalis	1	75	86400	23427
2015	E010N55AA	1	Animalia	5310	Phocidae	2434793	Phoca vitulina	21	75	86400	39284
2015	E010N55AD	1	Animalia	5298	Cervidae	5220126	Capreolus capreolus	4	75	86400	34858
2015	E010N55CB	1	Animalia	5298	Cervidae	5220126	Capreolus capreolus	4	99.78	86400	34858
2015	E010N55DB	1	Animalia	5310	Phocidae	2434793	Phoca vitulina	1	1000	86400	39284
2015	E010N55DD	1	Animalia	9379	Leporidae	7952072	Lepus europaeus	9	10	86400	45524
2015	E010N56AD	1	Animalia	5310	Phocidae	2434806	Halichoerus grypus	4	960	86400	39284
2015	E010N56CB	1	Animalia	9368	Vespertilionidae	2432564	Vespertilio murinus	2	673.99	86400	16848
2015	E010N56CC	1	Animalia	9379	Leporidae	7952072	Lepus europaeus	441	3	86400	45524
2015	E010N56DB	1	Animalia	5298	Cervidae	5220126	Capreolus capreolus	1	920	86400	34858
2015	E010N57BA	1	Animalia	9701	Canidae	5219243	Vulpes vulpes	1	870	86400	9311
2015	E010N57CC	1	Animalia	5722	Erinaceidae	5219616	Erinaceus europaeus	20	10	86400	3807
2015	E011N54AA	1	Animalia	5722	Erinaceidae	5219616	Erinaceus europaeus	14	5	86400	3807
2015	E011N54BA	1	Animalia	9368	Vespertilionidae	5218524	Nyctalus noctula	2	523.34	86400	16848
2015	E011N54BC	1	Animalia	3240723	Cricetidae	5706764	Myodes glareolus	2	500	86400	1954
2015	E011N55AC	1	Animalia	9701	Canidae	5219243	Vulpes vulpes	7	20	86400	9311
2015	E011N55BB	1	Animalia	5307	Mustelidae	5218823	Mustela vison	1	760	86400	23427
2015	E011N55CA	1	Animalia	5722	Erinaceidae	5219616	Erinaceus europaeus	10	5	86400	3807
2015	E011N55DA	1	Animalia	9368	Vespertilionidae	2432359	Eptesicus serotinus	2	167	86400	16848
2015	E011N55DC	1	Animalia	9701	Canidae	5219243	Vulpes vulpes	1	540	86400	9311
2015	E011N57CA	1	Animalia	9361	Phocoenidae	2440669	Phocoena phocoena	2	1000	86400	19402
2015	E012N55AA	1	Animalia	5298	Cervidae	5220126	Capreolus capreolus	51	59	86400	34858
2015	E012N55AC	1	Animalia	5307	Mustelidae	5219019	Mustela erminea	1	75	86400	23427
2015	E012N55BA	1	Animalia	5298	Cervidae	2440954	Cervus nippon	2	50	86400	34858
2015	E012N55BC	1	Animalia	5298	Cervidae	5220136	Dama dama	3	75	86400	34858
2015	E012N55CC	1	Animalia	9368	Vespertilionidae	2432582	Barbastella barbastellus	2	495.73	86400	16848
2015	E012N56CC	1	Animalia	9456	Sciuridae	8211070	Sciurus vulgaris	46	5	86400	15823
2015	E014N55DC	1	Animalia	5307	Mustelidae	5218823	Mustela vison	3	9	86400	23427
2015	E015N55CC	1	Animalia	5534	Soricidae	8316400	Sorex araneus	4	820	86400	1360
2014	E008N55AB	1	Animalia	9379	Leporidae	7952072	Lepus europaeus	16	680	86400	45524
2014	E008N55CB	1	Animalia	9379	Leporidae	2436940	Oryctolagus cuniculus	1	680	86400	45524
2014	E008N56AB	1	Animalia	5310	Phocidae	2434793	Phoca vitulina	5	1000	86400	39284
2014	E008N56BB	1	Animalia	9368	Vespertilionidae	2432359	Eptesicus serotinus	2	601.31	86400	16848
2014	E008N56DB	1	Animalia	5298	Cervidae	5220126	Capreolus capreolus	1	75	86400	34858
2014	E008N57DD	1	Animalia	5298	Cervidae	5220126	Capreolus capreolus	2	950	86400	34858
2014	E009N55AA	1	Animalia	9701	Canidae	5219243	Vulpes vulpes	6	150	86400	9311
2014	E009N55BC	1	Animalia	5298	Cervidae	5220136	Dama dama	1	650	86400	34858
2014	E009N55DA	1	Animalia	9379	Leporidae	7952072	Lepus europaeus	5	1000	86400	45524
2014	E009N56AD	1	Animalia	5298	Cervidae	5220126	Capreolus capreolus	1	242.93	86400	34858
2014	E009N56BD	1	Animalia	9368	Vespertilionidae	2432439	Myotis daubentonii	2	427.43	86400	16848
2014	E009N56CD	1	Animalia	9701	Canidae	5219243	Vulpes vulpes	1	290	86400	9311
2014	E009N56DB	1	Animalia	5298	Cervidae	5220126	Capreolus capreolus	2	920	86400	34858
2014	E009N56DD	1	Animalia	9379	Leporidae	7952072	Lepus europaeus	23	160	86400	45524
2014	E009N57DC	1	Animalia	9368	Vespertilionidae	2432359	Eptesicus serotinus	4	278.15	86400	16848
2014	E010N54AB	1	Animalia	9379	Leporidae	7952072	Lepus europaeus	8	210	86400	45524
2014	E010N55AC	1	Animalia	9701	Canidae	5219243	Vulpes vulpes	2	330	86400	9311
2014	E010N55CB	1	Animalia	5298	Cervidae	5220126	Capreolus capreolus	1	890	86400	34858
2014	E010N55DC	1	Animalia	5534	Soricidae	2435767	Neomys fodiens	1	530	86400	1360
2014	E010N56AB	1	Animalia	9379	Leporidae	7952072	Lepus europaeus	19	770	86400	45524
2014	E010N56CC	1	Animalia	5310	Phocidae	2434793	Phoca vitulina	10	840	86400	39284
2014	E010N56DC	1	Animalia	5310	Phocidae	2434793	Phoca vitulina	3	118	86400	39284
2014	E010N57BC	1	Animalia	5310	Phocidae	2434806	Halichoerus grypus	4	1000	86400	39284
2014	E010N57CD	1	Animalia	9368	Vespertilionidae	5707150	Pipistrellus pygmaeus	8	190.84	86400	16848
2014	E011N54BA	1	Animalia	5310	Phocidae	2434806	Halichoerus grypus	30	3	86400	39284
2014	E011N55AB	1	Animalia	5310	Phocidae	2434806	Halichoerus grypus	16	3	86400	39284
2014	E011N55BB	1	Animalia	5307	Mustelidae	5218987	Mustela nivalis	1	61	60	23427
2014	E011N55CC	1	Animalia	9361	Phocoenidae	2440669	Phocoena phocoena	511	3	86400	19402
2014	E011N55DC	1	Animalia	5298	Cervidae	5220126	Capreolus capreolus	1	980	86400	34858
2014	E011N57CA	1	Animalia	5298	Cervidae	5220126	Capreolus capreolus	1	900	86400	34858
2014	E012N55AA	1	Animalia	9469	Talpidae	7872906	Talpa europaea	1	920	86400	753
2014	E012N55AC	1	Animalia	9456	Sciuridae	8211070	Sciurus vulgaris	15	25	86400	15823
2014	E012N55BC	1	Animalia	9368	Vespertilionidae	5218524	Nyctalus noctula	1	84	86400	16848
2014	E012N55CB	1	Animalia	5307	Mustelidae	5218823	Mustela vison	10	210	86400	23427
2014	E012N56CD	1	Animalia	5298	Cervidae	5220136	Dama dama	6	50	86400	34858
2014	E015N55CA	1	Animalia	5310	Phocidae	2434806	Halichoerus grypus	16	3	86400	39284
2013	E008N55AA	1	Animalia	9379	Leporidae	7952072	Lepus europaeus	4	1000	86400	45524
2013	E008N55BA	1	Animalia	9379	Leporidae	7952072	Lepus europaeus	22	630	86400	45524
2013	E008N55DA	1	Animalia	5307	Mustelidae	2433753	Lutra lutra	7	3	86400	23427
2013	E008N56AB	1	Animalia	5310	Phocidae	2434793	Phoca vitulina	14	980	86400	39284
2013	E008N56BC	1	Animalia	9368	Vespertilionidae	2432452	Myotis dasycneme	2	257.89	86400	16848
2013	E008N56CD	1	Animalia	9379	Leporidae	7952072	Lepus europaeus	12	790	86400	45524
2013	E008N57DC	1	Animalia	9361	Phocoenidae	2440669	Phocoena phocoena	1	10	86400	19402
2013	E009N54BB	1	Animalia	9379	Leporidae	2436940	Oryctolagus cuniculus	1	360	86400	45524
2013	E009N55BA	1	Animalia	5307	Mustelidae	2433753	Lutra lutra	1	88.26	86400	23427
2013	E009N55BD	1	Animalia	5722	Erinaceidae	5219616	Erinaceus europaeus	1	970	86400	3807
2013	E009N55CD	1	Animalia	9379	Leporidae	7952072	Lepus europaeus	1	1000	86400	45524
2013	E009N56AB	1	Animalia	5307	Mustelidae	2433753	Lutra lutra	2	1000	86400	23427
2013	E009N56BD	1	Animalia	5307	Mustelidae	2433753	Lutra lutra	1	1000	86400	23427
2013	E009N56CD	1	Animalia	9379	Leporidae	7952072	Lepus europaeus	7	1000	86400	45524
2013	E009N57BD	1	Animalia	9361	Phocoenidae	2440669	Phocoena phocoena	3	740	86400	19402
2013	E009N57DC	1	Animalia	5307	Mustelidae	5218823	Mustela vison	2	750	86400	23427
2013	E010N54BC	1	Animalia	5307	Mustelidae	2433875	Meles meles	1	270	86400	23427
2013	E010N55BB	1	Animalia	5310	Phocidae	2434806	Halichoerus grypus	20	3	86400	39284
2013	E010N55CC	1	Animalia	9379	Leporidae	7952072	Lepus europaeus	19	500	86400	45524
2013	E010N56AA	1	Animalia	5307	Mustelidae	2433753	Lutra lutra	14	890	86400	23427
2013	E010N56CA	1	Animalia	9379	Leporidae	7952072	Lepus europaeus	7	168.24	86400	45524
2013	E010N56DC	1	Animalia	5310	Phocidae	2434793	Phoca vitulina	3	1000	86400	39284
2013	E010N57CB	1	Animalia	9368	Vespertilionidae	7261816	Eptesicus nilssonii	3	1000	86400	16848
2013	E011N54AD	1	Animalia	5298	Cervidae	5220126	Capreolus capreolus	1	700	86400	34858
2013	E011N54BD	1	Animalia	5298	Cervidae	5220126	Capreolus capreolus	12	380	86400	34858
2013	E011N55BB	1	Animalia	5310	Phocidae	2434793	Phoca vitulina	11	760	86400	39284
2013	E011N55CA	1	Animalia	9379	Leporidae	7952072	Lepus europaeus	50	610	86400	45524
2013	E011N55DA	1	Animalia	5298	Cervidae	5220126	Capreolus capreolus	34	310	86400	34858
2013	E011N56DC	1	Animalia	5310	Phocidae	2434793	Phoca vitulina	21	3	86400	39284
2013	E012N54BA	1	Animalia	5298	Cervidae	5220126	Capreolus capreolus	25	50	86400	34858
2013	E012N55AB	1	Animalia	3240723	Cricetidae	5706764	Myodes glareolus	1	650	86400	1954
2013	E012N55BA	1	Animalia	9703	Felidae	2435035	Felis catus	1	840	86400	753
2013	E012N55CA	1	Animalia	5510	Muridae	2437756	Apodemus flavicollis	1	700	86400	4493
2013	E012N55CD	1	Animalia	9701	Canidae	5219243	Vulpes vulpes	1	440	86400	9311
2013	E012N56DC	1	Animalia	9379	Leporidae	7952072	Lepus europaeus	4	1000	86400	45524
2013	E015N55CC	1	Animalia	5298	Cervidae	5220126	Capreolus capreolus	19	340	86400	34858
2012	E008N55AD	1	Animalia	9368	Vespertilionidae	2432452	Myotis dasycneme	1	600.54	86400	16848
2012	E008N55CC	1	Animalia	9361	Phocoenidae	2440669	Phocoena phocoena	1	1000	1	19402
2012	E008N56AB	1	Animalia	5307	Mustelidae	5218911	Mustela putorius	1	1000	86400	23427
2012	E008N56BD	1	Animalia	9701	Canidae	5219243	Vulpes vulpes	2	320	86400	9311
2012	E009N54AA	1	Animalia	9379	Leporidae	7952072	Lepus europaeus	7	1000	86400	45524
2012	E009N55AB	1	Animalia	9456	Sciuridae	8211070	Sciurus vulgaris	1	690	86400	15823
2012	E009N55BB	1	Animalia	9368	Vespertilionidae	5218471	Pipistrellus nathusii	1	941.99	86400	16848
2012	E009N55CD	1	Animalia	5307	Mustelidae	5218878	Martes martes	1	200	60	23427
2012	E009N56AA	1	Animalia	9456	Sciuridae	8211070	Sciurus vulgaris	1	370	86400	15823
2012	E009N56CB	1	Animalia	9368	Vespertilionidae	2432439	Myotis daubentonii	4	142.7	86400	16848
2012	E009N56DB	1	Animalia	9368	Vespertilionidae	2432439	Myotis daubentonii	1	357.36	86400	16848
2012	E009N56DD	1	Animalia	9701	Canidae	5219243	Vulpes vulpes	4	530	86400	9311
2012	E009N57DD	1	Animalia	5307	Mustelidae	5218887	Martes foina	1	240	86400	23427
2012	E010N55AA	1	Animalia	5307	Mustelidae	5218878	Martes martes	2	880	86400	23427
2012	E010N55BC	1	Animalia	9379	Leporidae	7952072	Lepus europaeus	11	620	86400	45524
2012	E010N55CC	1	Animalia	9368	Vespertilionidae	5707150	Pipistrellus pygmaeus	7	670	86400	16848
2012	E010N55DD	1	Animalia	5310	Phocidae	2434793	Phoca vitulina	2	1000	86400	39284
2012	E010N56AD	1	Animalia	9379	Leporidae	7952072	Lepus europaeus	6	560	86400	45524
2012	E010N56DA	1	Animalia	9368	Vespertilionidae	5218524	Nyctalus noctula	2	760	86400	16848
2012	E010N57BA	1	Animalia	5307	Mustelidae	2433753	Lutra lutra	1	1000	86400	23427
2012	E010N57CC	1	Animalia	5307	Mustelidae	5219019	Mustela erminea	2	660	86400	23427
2012	E011N54AB	1	Animalia	9368	Vespertilionidae	5218507	Plecotus auritus	1	500.6	86400	16848
2012	E011N54BC	1	Animalia	9469	Talpidae	7872906	Talpa europaea	1	500	86400	753
2012	E011N55AD	1	Animalia	9368	Vespertilionidae	2432359	Eptesicus serotinus	2	603.97	86400	16848
2012	E011N55BB	1	Animalia	5298	Cervidae	5220126	Capreolus capreolus	3	390	86400	34858
2012	E011N55CB	1	Animalia	9368	Vespertilionidae	5707150	Pipistrellus pygmaeus	3	1000	86400	16848
2012	E011N55DB	1	Animalia	5307	Mustelidae	5219019	Mustela erminea	2	690	86400	23427
2012	E011N56BC	1	Animalia	5310	Phocidae	2434793	Phoca vitulina	48	3	86400	39284
2012	E012N54AA	1	Animalia	9368	Vespertilionidae	5707150	Pipistrellus pygmaeus	15	55.07	86400	16848
2012	E012N55AA	1	Animalia	9368	Vespertilionidae	5218524	Nyctalus noctula	3	3	86400	16848
2012	E012N55AC	1	Animalia	9368	Vespertilionidae	2432439	Myotis daubentonii	1	506.65	86400	16848
2012	E012N55BA	1	Animalia	9368	Vespertilionidae	2432439	Myotis daubentonii	4	541.64	86400	16848
2012	E012N55BC	1	Animalia	5307	Mustelidae	5219019	Mustela erminea	2	350	86400	23427
2012	E012N55CB	1	Animalia	5298	Cervidae	5220126	Capreolus capreolus	5	450	86400	34858
2012	E012N56CC	1	Animalia	5298	Cervidae	2440958	Cervus elaphus	1	250	86400	34858
2012	E012N56DC	1	Animalia	5722	Erinaceidae	5219616	Erinaceus europaeus	1	330	86400	3807
2012	E015N54AA	1	Animalia	9379	Leporidae	7952072	Lepus europaeus	2	60	86400	45524
2011	E008N55AB	1	Animalia	9379	Leporidae	7952072	Lepus europaeus	28	250	86400	45524
2011	E008N55BC	1	Animalia	9379	Leporidae	7952072	Lepus europaeus	3	600	86400	45524
2011	E008N55DB	1	Animalia	5298	Cervidae	5220126	Capreolus capreolus	1	360	86400	34858
2011	E008N56AD	1	Animalia	5722	Erinaceidae	5219616	Erinaceus europaeus	2	50	86400	3807
2011	E008N56CB	1	Animalia	9701	Canidae	5219243	Vulpes vulpes	3	3	86400	9311
2011	E008N56DD	1	Animalia	5307	Mustelidae	2433753	Lutra lutra	8	3	86400	23427
2011	E009N54AB	1	Animalia	5298	Cervidae	5220126	Capreolus capreolus	15	520	86400	34858
2011	E009N55AC	1	Animalia	3240723	Cricetidae	4265185	Arvicola amphibius	3	3	86400	1954
2011	E009N55BB	1	Animalia	9456	Sciuridae	8211070	Sciurus vulgaris	3	230	86400	15823
2011	E009N55CC	1	Animalia	9379	Leporidae	7952072	Lepus europaeus	2	1000	86400	45524
2011	E009N56AA	1	Animalia	9703	Felidae	2435035	Felis catus	1	370	86400	753
2011	E009N56BB	1	Animalia	5534	Soricidae	2435767	Neomys fodiens	1	260	86400	1360
2011	E009N56CD	1	Animalia	5307	Mustelidae	5218911	Mustela putorius	1	1000	86400	23427
2011	E009N56DD	1	Animalia	5307	Mustelidae	2433875	Meles meles	1	3	86400	23427
2011	E009N57CD	1	Animalia	9379	Leporidae	7952072	Lepus europaeus	4	1000	86400	45524
2011	E010N54BA	1	Animalia	5307	Mustelidae	5218823	Mustela vison	1	720	86400	23427
2011	E010N55AC	1	Animalia	5298	Cervidae	5220126	Capreolus capreolus	5	330	86400	34858
2011	E010N55CD	1	Animalia	5298	Cervidae	5220126	Capreolus capreolus	2	460	86400	34858
2011	E010N56AB	1	Animalia	5307	Mustelidae	2433753	Lutra lutra	2	900	86400	23427
2011	E010N56CB	1	Animalia	9379	Leporidae	7952072	Lepus europaeus	8	650	86400	45524
2011	E010N56DC	1	Animalia	5310	Phocidae	2434793	Phoca vitulina	4	1000	86400	39284
2011	E010N57BC	1	Animalia	5298	Cervidae	5220126	Capreolus capreolus	9	290	86400	34858
2011	E010N57DB	1	Animalia	9379	Leporidae	7952072	Lepus europaeus	4	1000	86400	45524
2011	E011N54BC	1	Animalia	5310	Phocidae	2434806	Halichoerus grypus	12	3	86400	39284
2011	E011N55AD	1	Animalia	5310	Phocidae	2434793	Phoca vitulina	1	1000	86400	39284
2011	E011N55BC	1	Animalia	9379	Leporidae	7952072	Lepus europaeus	51	660	86400	45524
2011	E011N55CC	1	Animalia	9456	Sciuridae	8211070	Sciurus vulgaris	1	710	86400	15823
2011	E011N55DD	1	Animalia	5310	Phocidae	2434793	Phoca vitulina	47	3	86400	39284
2011	E012N54AB	1	Animalia	9701	Canidae	5219243	Vulpes vulpes	2	900	86400	9311
2011	E012N55AB	1	Animalia	9368	Vespertilionidae	5707150	Pipistrellus pygmaeus	68	3	86400	16848
2011	E012N55AD	1	Animalia	9456	Sciuridae	8211070	Sciurus vulgaris	46	50.85	86400	15823
2011	E012N55BD	1	Animalia	5310	Phocidae	2434793	Phoca vitulina	29	3	86400	39284
2011	E012N55CD	1	Animalia	5310	Phocidae	2434806	Halichoerus grypus	3	1000	86400	39284
2011	E012N56DC	1	Animalia	9701	Canidae	5219243	Vulpes vulpes	3	960	86400	9311
2010	E008N55AA	1	Animalia	5298	Cervidae	5220126	Capreolus capreolus	1	690	86400	34858
2010	E008N55CB	1	Animalia	9379	Leporidae	2436940	Oryctolagus cuniculus	9	480	86400	45524
2010	E008N55DD	1	Animalia	5307	Mustelidae	5218911	Mustela putorius	2	1000	86400	23427
2010	E008N56BD	1	Animalia	9368	Vespertilionidae	2432452	Myotis dasycneme	2	200.18	86400	16848
2010	E008N56DC	1	Animalia	9379	Leporidae	7952072	Lepus europaeus	1	1000	86400	45524
2010	E009N54BA	1	Animalia	5298	Cervidae	5220126	Capreolus capreolus	5	220	86400	34858
2010	E009N55BA	1	Animalia	9379	Leporidae	7952072	Lepus europaeus	7	1000	86400	45524
2010	E009N55CB	1	Animalia	5307	Mustelidae	2433753	Lutra lutra	2	440	86400	23427
2010	E009N55DC	1	Animalia	5298	Cervidae	5220126	Capreolus capreolus	27	750	86400	34858
2010	E009N56BB	1	Animalia	3240723	Cricetidae	2438616	Microtus agrestis	1	920	86400	1954
2010	E009N56CD	1	Animalia	5307	Mustelidae	5218878	Martes martes	2	1000	86400	23427
2010	E009N57BD	1	Animalia	5307	Mustelidae	2433753	Lutra lutra	1	1000	86400	23427
2010	E009N57DC	1	Animalia	5310	Phocidae	2434806	Halichoerus grypus	15	3	86400	39284
2010	E010N55AA	1	Animalia	5307	Mustelidae	5218878	Martes martes	1	1000	86400	23427
2010	E010N55BD	1	Animalia	9456	Sciuridae	8211070	Sciurus vulgaris	1	920	86400	15823
2010	E010N55DA	1	Animalia	9379	Leporidae	7952072	Lepus europaeus	12	460	86400	45524
2010	E010N56AA	1	Animalia	5298	Cervidae	5220126	Capreolus capreolus	4	890	86400	34858
2010	E010N56CB	1	Animalia	9368	Vespertilionidae	2432439	Myotis daubentonii	1	673.99	86400	16848
2010	E010N56DB	1	Animalia	5310	Phocidae	2434793	Phoca vitulina	4	1000	86400	39284
2010	E010N57BC	1	Animalia	5307	Mustelidae	5218911	Mustela putorius	2	290	86400	23427
2010	E010N57DA	1	Animalia	9368	Vespertilionidae	5707150	Pipistrellus pygmaeus	1	568.2	86400	16848
2010	E011N54BA	1	Animalia	9456	Sciuridae	8211070	Sciurus vulgaris	1	430	86400	15823
2010	E011N54BC	1	Animalia	9456	Sciuridae	8211070	Sciurus vulgaris	1	500	86400	15823
2010	E011N55BB	1	Animalia	9368	Vespertilionidae	5218524	Nyctalus noctula	2	990	86400	16848
2010	E011N55CC	1	Animalia	9368	Vespertilionidae	5707150	Pipistrellus pygmaeus	2	710	86400	16848
2010	E011N55DD	1	Animalia	5298	Cervidae	5220126	Capreolus capreolus	7	320	86400	34858
2010	E012N54BA	1	Animalia	9701	Canidae	5219243	Vulpes vulpes	1	50	86400	9311
2010	E012N55AC	1	Animalia	5307	Mustelidae	5218911	Mustela putorius	1	1000	86400	23427
2010	E012N55BC	1	Animalia	9368	Vespertilionidae	2432564	Vespertilio murinus	1	1000	86400	16848
2010	E012N55CB	1	Animalia	5310	Phocidae	2434793	Phoca vitulina	1	1000	86400	39284
2010	E012N56CD	1	Animalia	9368	Vespertilionidae	5218524	Nyctalus noctula	1	1000	86400	16848
2010	E014N55DC	1	Animalia	5298	Cervidae	5220126	Capreolus capreolus	15	240	86400	34858
2010	E015N55CC	1	Animalia	9379	Leporidae	7952072	Lepus europaeus	29	640	86400	45524
2009	E008N55AC	1	Animalia	9379	Leporidae	7952072	Lepus europaeus	41	980	86400	45524
2009	E008N55DB	1	Animalia	5298	Cervidae	2440958	Cervus elaphus	1	700	86400	34858
2009	E008N56BB	1	Animalia	5310	Phocidae	2434793	Phoca vitulina	21	3	86400	39284
2009	E008N56DC	1	Animalia	9379	Leporidae	7952072	Lepus europaeus	1	1000	86400	45524
2009	E009N54BA	1	Animalia	9701	Canidae	5219243	Vulpes vulpes	2	440	86400	9311
2009	E009N55BA	1	Animalia	9379	Leporidae	7952072	Lepus europaeus	5	1000	86400	45524
2009	E009N55BD	1	Animalia	9379	Leporidae	7952072	Lepus europaeus	3	1000	86400	45524
2009	E009N55DC	1	Animalia	5298	Cervidae	5220126	Capreolus capreolus	18	500	86400	34858
2009	E009N56BB	1	Animalia	5307	Mustelidae	5218887	Martes foina	1	560	86400	23427
2009	E009N56DA	1	Animalia	9701	Canidae	5219243	Vulpes vulpes	2	700	86400	9311
2009	E009N57CD	1	Animalia	5307	Mustelidae	5218878	Martes martes	1	1000	86400	23427
2009	E010N54AB	1	Animalia	9361	Phocoenidae	2440669	Phocoena phocoena	1	700	86400	19402
2009	E010N55AC	1	Animalia	5307	Mustelidae	5218987	Mustela nivalis	1	830	86400	23427
2009	E010N55CC	1	Animalia	9361	Phocoenidae	2440669	Phocoena phocoena	19	670	86400	19402
2009	E010N56AA	1	Animalia	5310	Phocidae	2434793	Phoca vitulina	4	790	86400	39284
2009	E010N56CB	1	Animalia	9701	Canidae	5219243	Vulpes vulpes	1	970	86400	9311
2009	E010N56DB	1	Animalia	9368	Vespertilionidae	2432439	Myotis daubentonii	3	538.53	86400	16848
2009	E010N57BA	1	Animalia	5298	Cervidae	5220126	Capreolus capreolus	3	670	86400	34858
2009	E010N57DB	1	Animalia	5310	Phocidae	2434806	Halichoerus grypus	14	3	86400	39284
2009	E011N54BA	1	Animalia	9379	Leporidae	7952072	Lepus europaeus	9	430	86400	45524
2009	E011N55AB	1	Animalia	9701	Canidae	5219243	Vulpes vulpes	1	890	86400	9311
2009	E011N55BC	1	Animalia	5298	Cervidae	5220126	Capreolus capreolus	2	470	86400	34858
2009	E011N55CD	1	Animalia	5298	Cervidae	5220126	Capreolus capreolus	12	110	86400	34858
2009	E011N56CD	1	Animalia	5310	Phocidae	2434793	Phoca vitulina	17	3	86400	39284
2009	E012N55AA	1	Animalia	9368	Vespertilionidae	5218471	Pipistrellus nathusii	4	3	86400	16848
2009	E012N55AC	1	Animalia	3240723	Cricetidae	4265185	Arvicola amphibius	1	290.02	86400	1954
2009	E012N55BA	1	Animalia	5310	Phocidae	2434793	Phoca vitulina	2	1000	86400	39284
2009	E012N55CA	1	Animalia	9368	Vespertilionidae	2432439	Myotis daubentonii	2	270	86400	16848
2009	E012N55CD	1	Animalia	5307	Mustelidae	5218887	Martes foina	1	141	86400	23427
2009	E012N56DC	1	Animalia	9368	Vespertilionidae	5707150	Pipistrellus pygmaeus	4	256.1	86400	16848
2008	E008N54BA	1	Animalia	9379	Leporidae	7952072	Lepus europaeus	17	1000	86400	45524
2008	E008N55BD	1	Animalia	5298	Cervidae	5220126	Capreolus capreolus	3	850	86400	34858
2008	E008N56AB	1	Animalia	9368	Vespertilionidae	2432439	Myotis daubentonii	1	226.39	86400	16848
2008	E008N56BD	1	Animalia	9379	Leporidae	7952072	Lepus europaeus	8	610	86400	45524
2008	E008N57DD	1	Animalia	5307	Mustelidae	5219019	Mustela erminea	1	800	86400	23427
2008	E009N55AB	1	Animalia	5307	Mustelidae	2433753	Lutra lutra	4	3	86400	23427
2008	E009N55BC	1	Animalia	5307	Mustelidae	5218823	Mustela vison	2	980	86400	23427
2008	E009N55CD	1	Animalia	3240723	Cricetidae	5706764	Myodes glareolus	1	730	86400	1954
2008	E009N56AD	1	Animalia	5307	Mustelidae	2433753	Lutra lutra	1	1000	86400	23427
2008	E009N56BD	1	Animalia	9368	Vespertilionidae	2432564	Vespertilio murinus	1	460.73	86400	16848
2008	E009N56DA	1	Animalia	9368	Vespertilionidae	5218465	Pipistrellus pipistrellus	1	270.04	86400	16848
2008	E009N56DD	1	Animalia	5298	Cervidae	5220126	Capreolus capreolus	10	230	86400	34858
2008	E009N57DC	1	Animalia	5307	Mustelidae	2433753	Lutra lutra	2	1000	86400	23427
2008	E010N54BC	1	Animalia	9361	Phocoenidae	2440669	Phocoena phocoena	2	140	86400	19402
2008	E010N55BC	1	Animalia	5310	Phocidae	2434793	Phoca vitulina	1	1000	86400	39284
2008	E010N55DC	1	Animalia	9379	Leporidae	7952072	Lepus europaeus	2	1000	86400	45524
2008	E010N56AC	1	Animalia	5307	Mustelidae	5218911	Mustela putorius	2	210	86400	23427
2008	E010N56CD	1	Animalia	5307	Mustelidae	2433875	Meles meles	1	990	86400	23427
2008	E010N57BC	1	Animalia	9368	Vespertilionidae	5218471	Pipistrellus nathusii	2	1000	86400	16848
2008	E010N57CD	1	Animalia	9368	Vespertilionidae	5218524	Nyctalus noctula	1	435.75	86400	16848
2008	E011N54BA	1	Animalia	5298	Cervidae	5220126	Capreolus capreolus	2	640	86400	34858
2008	E011N55AB	1	Animalia	9379	Leporidae	7952072	Lepus europaeus	1	1000	86400	45524
2008	E011N55BD	1	Animalia	9368	Vespertilionidae	5218524	Nyctalus noctula	1	1000	86400	16848
2008	E011N55DB	1	Animalia	9379	Leporidae	7952072	Lepus europaeus	13	400	86400	45524
2008	E011N57CC	1	Animalia	5310	Phocidae	2434793	Phoca vitulina	20	3	86400	39284
2008	E012N55AB	1	Animalia	5722	Erinaceidae	5219616	Erinaceus europaeus	1	520	86400	3807
2008	E012N55AD	1	Animalia	9379	Leporidae	7952072	Lepus europaeus	102	510	86400	45524
2008	E012N55BC	1	Animalia	5534	Soricidae	8316400	Sorex araneus	1	460	86400	1360
2008	E012N56CC	1	Animalia	9368	Vespertilionidae	5218524	Nyctalus noctula	1	1000	86400	16848
2008	E014N55DD	1	Animalia	5722	Erinaceidae	5219616	Erinaceus europaeus	1	620	86400	3807
2007	E007N55DC	1	Animalia	9361	Phocoenidae	2440669	Phocoena phocoena	3	1000	60	19402
2007	E008N55AD	1	Animalia	9701	Canidae	5219243	Vulpes vulpes	2	730	86400	9311
2007	E008N55DA	1	Animalia	5307	Mustelidae	5218823	Mustela vison	1	680	86400	23427
2007	E008N56AB	1	Animalia	9379	Leporidae	7952072	Lepus europaeus	2	1000	86400	45524
2007	E008N56CB	1	Animalia	9368	Vespertilionidae	2432439	Myotis daubentonii	2	137.44	86400	16848
2007	E008N57DD	1	Animalia	5310	Phocidae	2434793	Phoca vitulina	2	570	86400	39284
2007	E009N55AA	1	Animalia	9379	Leporidae	7952072	Lepus europaeus	1	1000	86400	45524
2007	E009N55BC	1	Animalia	9361	Phocoenidae	2440669	Phocoena phocoena	2	430	86400	19402
2007	E009N55CB	1	Animalia	5722	Erinaceidae	5219616	Erinaceus europaeus	1	760	86400	3807
2007	E009N56AA	1	Animalia	5310	Phocidae	2434793	Phoca vitulina	42	3	86400	39284
2007	E009N56BD	1	Animalia	9379	Leporidae	7952072	Lepus europaeus	18	690	86400	45524
2007	E009N56DD	1	Animalia	5307	Mustelidae	5218911	Mustela putorius	2	790	86400	23427
2007	E009N57DB	1	Animalia	9361	Phocoenidae	2440669	Phocoena phocoena	1	980	86400	19402
2007	E010N54BB	1	Animalia	5298	Cervidae	5220136	Dama dama	1	920	86400	34858
2007	E010N55BC	1	Animalia	9701	Canidae	5219243	Vulpes vulpes	1	620	86400	9311
2007	E010N55DA	1	Animalia	5298	Cervidae	5220126	Capreolus capreolus	2	750	86400	34858
2007	E010N56AD	1	Animalia	5310	Phocidae	2434806	Halichoerus grypus	12	3	86400	39284
2007	E010N56CC	1	Animalia	9368	Vespertilionidae	5707150	Pipistrellus pygmaeus	1	246.78	86400	16848
2007	E010N57AD	1	Animalia	5310	Phocidae	2434793	Phoca vitulina	3	1000	86400	39284
2007	E010N57CC	1	Animalia	9379	Leporidae	7952072	Lepus europaeus	20	660	86400	45524
2007	E011N54BB	1	Animalia	9469	Talpidae	7872906	Talpa europaea	1	300	86400	753
2007	E011N55BA	1	Animalia	5310	Phocidae	2434793	Phoca vitulina	2	1000	86400	39284
2007	E011N55CA	1	Animalia	9456	Sciuridae	8211070	Sciurus vulgaris	1	700	86400	15823
2007	E011N55DD	1	Animalia	5310	Phocidae	2434793	Phoca vitulina	88	3	86400	39284
2007	E012N54BA	1	Animalia	3240723	Cricetidae	2438616	Microtus agrestis	1	170	86400	1954
2007	E012N55AB	1	Animalia	9368	Vespertilionidae	5707150	Pipistrellus pygmaeus	9	26.41	86400	16848
2007	E012N55AD	1	Animalia	5722	Erinaceidae	5219616	Erinaceus europaeus	1	420	86400	3807
2007	E012N55BC	1	Animalia	5298	Cervidae	5220126	Capreolus capreolus	1	660	86400	34858
2007	E012N56CC	1	Animalia	5298	Cervidae	5220126	Capreolus capreolus	3	770	86400	34858
2007	E014N55DC	1	Animalia	9379	Leporidae	7952072	Lepus europaeus	3	530	86400	45524
2006	E008N55AC	1	Animalia	5310	Phocidae	2434806	Halichoerus grypus	9	1000	86400	39284
2006	E008N55DA	1	Animalia	9703	Felidae	2435035	Felis catus	6	560	86400	753
2006	E008N56BB	1	Animalia	9379	Leporidae	7952072	Lepus europaeus	4	720	86400	45524
2006	E008N57DD	1	Animalia	5298	Cervidae	5220126	Capreolus capreolus	1	800	86400	34858
2006	E009N55AD	1	Animalia	9368	Vespertilionidae	2432452	Myotis dasycneme	1	505.21	86400	16848
2006	E009N55BC	1	Animalia	5310	Phocidae	2434793	Phoca vitulina	2	980	86400	39284
2006	E009N56AB	1	Animalia	5310	Phocidae	2434793	Phoca vitulina	1	1000	86400	39284
2006	E009N56DA	1	Animalia	5307	Mustelidae	5218878	Martes martes	1	1000	86400	23427
2006	E009N56DD	1	Animalia	9368	Vespertilionidae	2432439	Myotis daubentonii	1	577.28	86400	16848
2006	E009N57DB	1	Animalia	9379	Leporidae	7952072	Lepus europaeus	6	1000	86400	45524
2006	E010N55AA	1	Animalia	5298	Cervidae	5220126	Capreolus capreolus	4	630	86400	34858
2006	E010N55CB	1	Animalia	5298	Cervidae	5220126	Capreolus capreolus	4	420	86400	34858
2006	E010N56AD	1	Animalia	9379	Leporidae	7952072	Lepus europaeus	2	1000	86400	45524
2006	E010N56DA	1	Animalia	9701	Canidae	5219243	Vulpes vulpes	2	460	86400	9311
2006	E010N57CB	1	Animalia	5298	Cervidae	5220126	Capreolus capreolus	1	820	86400	34858
2006	E011N54BC	1	Animalia	5298	Cervidae	5220126	Capreolus capreolus	5	370	86400	34858
2006	E011N55BA	1	Animalia	5310	Phocidae	2434793	Phoca vitulina	2	560	86400	39284
2006	E011N55DB	1	Animalia	9368	Vespertilionidae	2432439	Myotis daubentonii	1	1000	86400	16848
2006	E012N54AA	1	Animalia	5722	Erinaceidae	5219616	Erinaceus europaeus	1	570	86400	3807
2006	E012N55AD	1	Animalia	3240723	Cricetidae	2438616	Microtus agrestis	1	510	86400	1954
2006	E012N55BC	1	Animalia	5307	Mustelidae	5218887	Martes foina	1	700	86400	23427
2006	E012N56CD	1	Animalia	9368	Vespertilionidae	2432439	Myotis daubentonii	2	467.46	86400	16848
2005	E005N55BD	1	Animalia	9361	Phocoenidae	2440669	Phocoena phocoena	1	1.11	1	19402
2005	E008N55AB	1	Animalia	3240723	Cricetidae	5706764	Myodes glareolus	1	1000	86400	1954
2005	E008N55DA	1	Animalia	9701	Canidae	5219243	Vulpes vulpes	7	480	86400	9311
2005	E008N56CB	1	Animalia	9368	Vespertilionidae	2432439	Myotis daubentonii	1	1000	86400	16848
2005	E008N57DD	1	Animalia	9379	Leporidae	7952072	Lepus europaeus	2	1000	86400	45524
2005	E009N55BB	1	Animalia	3240723	Cricetidae	4265185	Arvicola amphibius	2	580	86400	1954
2005	E009N56AC	1	Animalia	9379	Leporidae	7952072	Lepus europaeus	1	1000	86400	45524
2005	E009N56DD	1	Animalia	5298	Cervidae	5220126	Capreolus capreolus	8	210	86400	34858
2005	E009N57DD	1	Animalia	5298	Cervidae	5220126	Capreolus capreolus	1	710	86400	34858
2005	E010N55BA	1	Animalia	5310	Phocidae	2434793	Phoca vitulina	2	1000	86400	39284
2005	E010N56AA	1	Animalia	5307	Mustelidae	5219019	Mustela erminea	1	890	86400	23427
2005	E010N56CC	1	Animalia	9456	Sciuridae	8211070	Sciurus vulgaris	3	160	86400	15823
2005	E010N57BA	1	Animalia	9361	Phocoenidae	2440669	Phocoena phocoena	6	1.11	1	19402
2005	E010N57DA	1	Animalia	9361	Phocoenidae	2440669	Phocoena phocoena	1	1.11	1	19402
2005	E011N54BA	1	Animalia	5298	Cervidae	5220126	Capreolus capreolus	1	930	86400	34858
2005	E011N54BD	1	Animalia	9368	Vespertilionidae	5707150	Pipistrellus pygmaeus	1	198.92	86400	16848
2005	E011N55BB	1	Animalia	9368	Vespertilionidae	2432439	Myotis daubentonii	1	321.86	86400	16848
2005	E011N55CD	1	Animalia	9361	Phocoenidae	2440669	Phocoena phocoena	1	1000	60	19402
2005	E011N55DD	1	Animalia	5310	Phocidae	2434806	Halichoerus grypus	18	3	86400	39284
2005	E011N57CC	1	Animalia	5310	Phocidae	2434793	Phoca vitulina	21	3	86400	39284
2005	E012N55AB	1	Animalia	9368	Vespertilionidae	2432564	Vespertilio murinus	7	520	86400	16848
2005	E012N55BA	1	Animalia	9701	Canidae	5219243	Vulpes vulpes	5	840	86400	9311
2005	E012N55CA	1	Animalia	5298	Cervidae	5220126	Capreolus capreolus	3	270	86400	34858
2005	E012N56CD	1	Animalia	5307	Mustelidae	5218911	Mustela putorius	2	570	86400	23427
2004	E008N55AB	1	Animalia	9379	Leporidae	7952072	Lepus europaeus	18	1000	86400	45524
2004	E008N55DA	1	Animalia	5298	Cervidae	5220126	Capreolus capreolus	17	150	86400	34858
2004	E008N56CC	1	Animalia	5307	Mustelidae	5218911	Mustela putorius	1	1000	86400	23427
2004	E009N55AA	1	Animalia	5298	Cervidae	2440958	Cervus elaphus	3	820	86400	34858
2004	E009N55CD	1	Animalia	9379	Leporidae	7952072	Lepus europaeus	5	240	86400	45524
2004	E009N56CB	1	Animalia	9379	Leporidae	7952072	Lepus europaeus	2	1000	86400	45524
2004	E009N57CD	1	Animalia	5307	Mustelidae	2433753	Lutra lutra	2	1000	86400	23427
2004	E010N55AC	1	Animalia	5310	Phocidae	2434793	Phoca vitulina	3	1000	86400	39284
2004	E010N56AA	1	Animalia	5307	Mustelidae	2433875	Meles meles	1	890	86400	23427
2004	E010N56CD	1	Animalia	5307	Mustelidae	5218911	Mustela putorius	1	1000	86400	23427
2004	E010N57BC	1	Animalia	5310	Phocidae	2434793	Phoca vitulina	13	1000	86400	39284
2004	E011N54BA	1	Animalia	5310	Phocidae	2434806	Halichoerus grypus	14	3	86400	39284
2004	E011N55BB	1	Animalia	9379	Leporidae	7952072	Lepus europaeus	13	990	86400	45524
2004	E011N56DC	1	Animalia	5310	Phocidae	2434806	Halichoerus grypus	7	3	86400	39284
2004	E012N55AB	1	Animalia	9368	Vespertilionidae	2432439	Myotis daubentonii	1	1000	86400	16848
2004	E012N55BA	1	Animalia	9368	Vespertilionidae	5218524	Nyctalus noctula	5	840	86400	16848
2004	E012N55CB	1	Animalia	5307	Mustelidae	5218911	Mustela putorius	1	1000	86400	23427
2004	E014N55DD	1	Animalia	9368	Vespertilionidae	7261875	Myotis brandtii	1	1000	86400	16848
2003	E008N55AD	1	Animalia	5298	Cervidae	5220126	Capreolus capreolus	1	730	86400	34858
2003	E008N55DB	1	Animalia	9379	Leporidae	7952072	Lepus europaeus	7	230	86400	45524
2003	E008N56BD	1	Animalia	9379	Leporidae	7952072	Lepus europaeus	4	1000	86400	45524
2003	E009N54AA	1	Animalia	9379	Leporidae	7952072	Lepus europaeus	3	1000	86400	45524
2003	E009N55BD	1	Animalia	9361	Phocoenidae	2440669	Phocoena phocoena	1	590	86400	19402
2003	E009N56AB	1	Animalia	5510	Muridae	2437756	Apodemus flavicollis	2	1000	31536000	4493
2003	E009N56CD	1	Animalia	5307	Mustelidae	5219019	Mustela erminea	1	710	86400	23427
2003	E009N57DC	1	Animalia	5307	Mustelidae	5218987	Mustela nivalis	1	1000	86400	23427
2003	E010N55BD	1	Animalia	9379	Leporidae	7952072	Lepus europaeus	1	1000	86400	45524
2003	E010N56CB	1	Animalia	5298	Cervidae	5220126	Capreolus capreolus	2	700	86400	34858
2003	E010N57AD	1	Animalia	5307	Mustelidae	5218911	Mustela putorius	3	1000	86400	23427
2003	E010N57DA	1	Animalia	9379	Leporidae	7952072	Lepus europaeus	1	1000	86400	45524
2003	E011N54BD	1	Animalia	5307	Mustelidae	5218887	Martes foina	1	1000	86400	23427
2003	E011N55BC	1	Animalia	5307	Mustelidae	5218911	Mustela putorius	1	1000	2678400	23427
2003	E011N55DA	1	Animalia	5298	Cervidae	5220126	Capreolus capreolus	2	420	86400	34858
2003	E011N57CA	1	Animalia	5310	Phocidae	2434793	Phoca vitulina	28	3	86400	39284
2003	E012N55AB	1	Animalia	5298	Cervidae	5220126	Capreolus capreolus	4	910	86400	34858
2003	E012N55BC	1	Animalia	5310	Phocidae	2434793	Phoca vitulina	115	3	86400	39284
2003	E012N55CB	1	Animalia	5307	Mustelidae	5218878	Martes martes	2	210	86400	23427
2003	E012N56CD	1	Animalia	9456	Sciuridae	8211070	Sciurus vulgaris	2	570	86400	15823
2002	E008N55AD	1	Animalia	5307	Mustelidae	5218987	Mustela nivalis	1	730	86400	23427
2002	E008N56AB	1	Animalia	5307	Mustelidae	2433753	Lutra lutra	6	1000	86400	23427
2002	E008N56CC	1	Animalia	5310	Phocidae	2434793	Phoca vitulina	3	1000	86400	39284
2002	E009N54BA	1	Animalia	5298	Cervidae	5220126	Capreolus capreolus	2	530	86400	34858
2002	E009N55BD	1	Animalia	9379	Leporidae	7952072	Lepus europaeus	3	1000	86400	45524
2002	E009N56AB	1	Animalia	5307	Mustelidae	2433753	Lutra lutra	1	1000	86400	23427
2002	E009N56DB	1	Animalia	5298	Cervidae	5220126	Capreolus capreolus	1	180	86400	34858
2002	E009N57DD	1	Animalia	5307	Mustelidae	2433753	Lutra lutra	1	1000	86400	23427
2002	E010N55BC	1	Animalia	9379	Leporidae	7952072	Lepus europaeus	2	650	86400	45524
2002	E010N55DA	1	Animalia	5510	Muridae	7429082	Mus musculus	1	1000	2592000	4493
2002	E010N56AD	1	Animalia	9379	Leporidae	7952072	Lepus europaeus	2	1000	86400	45524
2002	E010N56DC	1	Animalia	5307	Mustelidae	2433875	Meles meles	1	820	86400	23427
2002	E010N57CD	1	Animalia	5307	Mustelidae	5218911	Mustela putorius	1	1000	86400	23427
2002	E011N54BB	1	Animalia	9379	Leporidae	7952072	Lepus europaeus	3	1000	86400	45524
2002	E011N55AD	1	Animalia	5510	Muridae	7429082	Mus musculus	11	1000	86400	4493
2002	E011N55BD	1	Animalia	3240723	Cricetidae	2438616	Microtus agrestis	3	1000	86400	1954
2002	E011N55DA	1	Animalia	5510	Muridae	2439261	Rattus norvegicus	3	160	86400	4493
2002	E011N56BC	1	Animalia	5310	Phocidae	2434806	Halichoerus grypus	24	3	86400	39284
2002	E012N55AA	1	Animalia	5534	Soricidae	8316400	Sorex araneus	1	1000	86400	1360
2002	E012N55AD	1	Animalia	3240723	Cricetidae	2438616	Microtus agrestis	4	680	86400	1954
2002	E012N55CA	1	Animalia	5510	Muridae	2437756	Apodemus flavicollis	1	1000	31536000	4493
2002	E012N55CD	1	Animalia	3240723	Cricetidae	2438616	Microtus agrestis	2	1000	31536000	1954
2002	E014N55DB	1	Animalia	5534	Soricidae	8316400	Sorex araneus	1	1000	31536000	1360
2001	E008N55BA	1	Animalia	5298	Cervidae	5220126	Capreolus capreolus	3	820	86400	34858
2001	E008N55DA	1	Animalia	9456	Sciuridae	8211070	Sciurus vulgaris	2	110	86400	15823
2001	E008N56AD	1	Animalia	5534	Soricidae	8316400	Sorex araneus	2	80	86400	1360
2001	E008N57DC	1	Animalia	5310	Phocidae	2434793	Phoca vitulina	1	1000	86400	39284
2001	E009N55BB	1	Animalia	9368	Vespertilionidae	5218524	Nyctalus noctula	2	1000	86400	16848
2001	E009N56AA	1	Animalia	3240723	Cricetidae	2438616	Microtus agrestis	1	1000	86400	1954
2001	E009N56CA	1	Animalia	9368	Vespertilionidae	2432359	Eptesicus serotinus	1	1000	86400	16848
2001	E009N57CC	1	Animalia	9456	Sciuridae	8211070	Sciurus vulgaris	1	630	86400	15823
2001	E009N57DD	1	Animalia	5307	Mustelidae	5218911	Mustela putorius	10	870	86400	23427
2001	E010N55CB	1	Animalia	5307	Mustelidae	5218911	Mustela putorius	1	1000	86400	23427
2001	E010N56AD	1	Animalia	9379	Leporidae	7952072	Lepus europaeus	1	1000	86400	45524
2001	E010N56DA	1	Animalia	9379	Leporidae	7952072	Lepus europaeus	9	430	86400	45524
2001	E010N57BA	1	Animalia	9379	Leporidae	7952072	Lepus europaeus	1	1000	86400	45524
2001	E010N57DB	1	Animalia	5310	Phocidae	2434806	Halichoerus grypus	6	3	86400	39284
2001	E011N54BC	1	Animalia	5307	Mustelidae	5219019	Mustela erminea	1	24	86400	23427
2001	E011N55AD	1	Animalia	5307	Mustelidae	5218987	Mustela nivalis	1	1000	86400	23427
2001	E011N55BC	1	Animalia	5722	Erinaceidae	5219616	Erinaceus europaeus	1	1000	2592000	3807
2001	E011N55DA	1	Animalia	5510	Muridae	7429082	Mus musculus	13	1000	2678400	4493
2001	E011N56DD	1	Animalia	5510	Muridae	2437756	Apodemus flavicollis	1	1000	86400	4493
2001	E012N55AB	1	Animalia	5510	Muridae	2437756	Apodemus flavicollis	30	1000	86400	4493
2001	E012N55AD	1	Animalia	5307	Mustelidae	5218887	Martes foina	1	1000	86400	23427
2001	E012N55BC	1	Animalia	5534	Soricidae	8316400	Sorex araneus	6	1000	86400	1360
2001	E012N56CC	1	Animalia	5510	Muridae	7429082	Mus musculus	2	1000	86400	4493
2000	E008N55AC	1	Animalia	5307	Mustelidae	2433753	Lutra lutra	1	1000	86400	23427
2000	E008N56AB	1	Animalia	5307	Mustelidae	2433753	Lutra lutra	5	1000	86400	23427
2000	E008N56DA	1	Animalia	9379	Leporidae	7952072	Lepus europaeus	2	970	86400	45524
2000	E009N55BA	1	Animalia	5298	Cervidae	5220126	Capreolus capreolus	2	295.84	86400	34858
2000	E009N56AC	1	Animalia	5310	Phocidae	2434793	Phoca vitulina	2	1000	86400	39284
2000	E009N57CC	1	Animalia	5307	Mustelidae	5218823	Mustela vison	1	900	86400	23427
2000	E010N55BC	1	Animalia	9361	Phocoenidae	2440669	Phocoena phocoena	1	620	86400	19402
2000	E010N56DA	1	Animalia	5534	Soricidae	8316400	Sorex araneus	4	1000	31622400	1360
2000	E011N54BD	1	Animalia	5310	Phocidae	2434806	Halichoerus grypus	20	3	86400	39284
2000	E011N55CA	1	Animalia	5298	Cervidae	5220126	Capreolus capreolus	1	620	86400	34858
2000	E012N55AB	1	Animalia	5510	Muridae	2437756	Apodemus flavicollis	1	1000	2592000	4493
2000	E012N55BD	1	Animalia	5310	Phocidae	2434806	Halichoerus grypus	10	3	86400	39284
1999	E008N55AC	1	Animalia	5298	Cervidae	5220126	Capreolus capreolus	1	890	86400	34858
1999	E008N56AD	1	Animalia	9435	Dipodidae	2439449	Sicista betulina	1	1000	31536000	153
1999	E009N55AA	1	Animalia	5307	Mustelidae	5218987	Mustela nivalis	1	1000	86400	23427
1999	E009N56AD	1	Animalia	5307	Mustelidae	2433753	Lutra lutra	2	1000	86400	23427
1999	E010N55AC	1	Animalia	5310	Phocidae	2434793	Phoca vitulina	4	1000	86400	39284
1999	E010N56DC	1	Animalia	5307	Mustelidae	2433875	Meles meles	1	500	86400	23427
1999	E011N55BB	1	Animalia	9379	Leporidae	7952072	Lepus europaeus	1	790	86400	45524
1999	E012N55AB	1	Animalia	5307	Mustelidae	5219019	Mustela erminea	1	660	86400	23427
1999	E012N56CD	1	Animalia	9701	Canidae	5219243	Vulpes vulpes	16	660	86400	9311
1998	E008N56AC	1	Animalia	5310	Phocidae	2434806	Halichoerus grypus	20	3	86400	39284
1998	E009N55AC	1	Animalia	9368	Vespertilionidae	2432439	Myotis daubentonii	1	1000	86400	16848
1998	E009N56DD	1	Animalia	5534	Soricidae	2435767	Neomys fodiens	1	1000	86400	1360
1998	E010N56AA	1	Animalia	5298	Cervidae	5220126	Capreolus capreolus	2	810	86400	34858
1998	E011N54BC	1	Animalia	5310	Phocidae	2434806	Halichoerus grypus	11	3	86400	39284
1998	E012N55AA	1	Animalia	5307	Mustelidae	5218911	Mustela putorius	1	1000	86400	23427
1997	E008N55AD	1	Animalia	5310	Phocidae	2434793	Phoca vitulina	50	1000	86400	39284
1997	E009N54BB	1	Animalia	9379	Leporidae	7952072	Lepus europaeus	1	1000	86400	45524
1997	E009N57DC	1	Animalia	5310	Phocidae	2434806	Halichoerus grypus	2	3	86400	39284
1997	E010N56DA	1	Animalia	5534	Soricidae	7571319	Sorex minutus	3	1000	31536000	1360
1997	E011N55BD	1	Animalia	5510	Muridae	2437756	Apodemus flavicollis	1	50	86400	4493
1997	E012N54BA	1	Animalia	9379	Leporidae	7952072	Lepus europaeus	4	160	86400	45524
1997	E015N55CA	1	Animalia	5310	Phocidae	2434793	Phoca vitulina	3	3	86400	39284
1996	E008N56DB	1	Animalia	5307	Mustelidae	2433753	Lutra lutra	3	1000	86400	23427
1996	E009N56CB	1	Animalia	5307	Mustelidae	2433753	Lutra lutra	1	1000	86400	23427
1996	E010N57BC	1	Animalia	9701	Canidae	5219243	Vulpes vulpes	1	790	86400	9311
1996	E011N55BD	1	Animalia	9368	Vespertilionidae	5707150	Pipistrellus pygmaeus	1	1000	86400	16848
1996	E012N55AB	1	Animalia	5307	Mustelidae	5219019	Mustela erminea	1	940	86400	23427
1996	E015N55CA	1	Animalia	5310	Phocidae	2434806	Halichoerus grypus	6	3	86400	39284
1995	E008N57DC	1	Animalia	5307	Mustelidae	2433753	Lutra lutra	4	1000	86400	23427
1995	E010N56AB	1	Animalia	5298	Cervidae	5220126	Capreolus capreolus	1	800	86400	34858
1995	E011N55DC	1	Animalia	5310	Phocidae	2434793	Phoca vitulina	4	850	86400	39284
1995	E015N55CA	1	Animalia	5310	Phocidae	2434793	Phoca vitulina	1	3	86400	39284
1994	E006N56DB	1	Animalia	5314	Delphinidae	5220081	Lagenorhynchus albirostris	2	1000	60	391
1994	E008N57CA	1	Animalia	9361	Phocoenidae	2440669	Phocoena phocoena	1	0.11	60	19402
1994	E009N56DA	1	Animalia	9379	Leporidae	7952072	Lepus europaeus	2	1000	86400	45524
1994	E010N56AD	1	Animalia	5310	Phocidae	2434806	Halichoerus grypus	6	3	86400	39284
1994	E011N54BC	1	Animalia	5310	Phocidae	2434793	Phoca vitulina	6	3	86400	39284
1994	E011N56CB	1	Animalia	9361	Phocoenidae	2440669	Phocoena phocoena	13	0.11	1	19402
1994	E012N55AB	1	Animalia	9456	Sciuridae	8211070	Sciurus vulgaris	3	580	86400	15823
1993	E004N56CC	1	Animalia	9361	Phocoenidae	2440669	Phocoena phocoena	1	1000	60	19402
1993	E008N56BA	1	Animalia	5307	Mustelidae	2433753	Lutra lutra	2	1000	86400	23427
1993	E010N55AA	1	Animalia	5298	Cervidae	5220126	Capreolus capreolus	5	500	86400	34858
1993	E011N55BD	1	Animalia	9701	Canidae	5219243	Vulpes vulpes	1	50	86400	9311
1993	E012N55CC	1	Animalia	5310	Phocidae	2434793	Phoca vitulina	2	3	86400	39284
1992	E008N55CD	1	Animalia	5310	Phocidae	2434793	Phoca vitulina	15	3	60	39284
1992	E009N56CD	1	Animalia	5298	Cervidae	5220126	Capreolus capreolus	4	290	86400	34858
1992	E010N57BC	1	Animalia	9361	Phocoenidae	2440669	Phocoena phocoena	4	1000	86400	19402
1992	E011N56BC	1	Animalia	5310	Phocidae	2434793	Phoca vitulina	14	3	86400	39284
1992	E015N55CA	1	Animalia	5310	Phocidae	2434806	Halichoerus grypus	6	3	86400	39284
1991	E009N55CA	1	Animalia	9456	Sciuridae	8211070	Sciurus vulgaris	1	980	86400	15823
1991	E010N56AA	1	Animalia	5298	Cervidae	2440958	Cervus elaphus	1	890	86400	34858
1991	E011N55DD	1	Animalia	5310	Phocidae	2434793	Phoca vitulina	5	3	86400	39284
1991	E015N55CA	1	Animalia	5310	Phocidae	2434793	Phoca vitulina	5	3	86400	39284
1990	E009N57DC	1	Animalia	5310	Phocidae	2434793	Phoca vitulina	7	3	86400	39284
1990	E011N54BB	1	Animalia	5310	Phocidae	2434793	Phoca vitulina	7	3	86400	39284
1990	E012N55AB	1	Animalia	5298	Cervidae	5220126	Capreolus capreolus	6	940	86400	34858
1989	E008N55CD	1	Animalia	5310	Phocidae	2434793	Phoca vitulina	8	3	86400	39284
1989	E010N55BB	1	Animalia	5310	Phocidae	2434806	Halichoerus grypus	3	3	86400	39284
1989	E011N55DD	1	Animalia	5310	Phocidae	2434793	Phoca vitulina	4	3	86400	39284
1989	E012N56CC	1	Animalia	9379	Leporidae	7952072	Lepus europaeus	1	930	86400	45524
1988	E008N55CA	1	Animalia	9361	Phocoenidae	2440669	Phocoena phocoena	6	1000	60	19402
1988	E009N56AC	1	Animalia	5307	Mustelidae	5218987	Mustela nivalis	1	920	86400	23427
1988	E010N57AD	1	Animalia	9361	Phocoenidae	2440669	Phocoena phocoena	1	1000	60	19402
1988	E011N56CD	1	Animalia	5310	Phocidae	2434793	Phoca vitulina	10	3	86400	39284
1988	E012N56CD	1	Animalia	5310	Phocidae	2434806	Halichoerus grypus	1	570	86400	39284
1987	E008N56AD	1	Animalia	5310	Phocidae	2434793	Phoca vitulina	1	259	86400	39284
1987	E010N56BB	1	Animalia	5310	Phocidae	2434793	Phoca vitulina	1	1000	60	39284
1987	E011N56BC	1	Animalia	5310	Phocidae	2434793	Phoca vitulina	4	3	86400	39284
1987	E014N55DB	1	Animalia	9368	Vespertilionidae	5218507	Plecotus auritus	1	1000	86400	16848
1986	E008N56BC	1	Animalia	5310	Phocidae	2434793	Phoca vitulina	6	3	86400	39284
1986	E010N56AA	1	Animalia	9368	Vespertilionidae	5218507	Plecotus auritus	1	1000	86400	16848
1986	E011N55DB	1	Animalia	5307	Mustelidae	5219019	Mustela erminea	1	1000	2592000	23427
1986	E014N55DD	1	Animalia	5534	Soricidae	7571319	Sorex minutus	2	1000	86400	1360
1985	E008N56BB	1	Animalia	5310	Phocidae	2434793	Phoca vitulina	2	3	86400	39284
1985	E010N57DD	1	Animalia	5310	Phocidae	2434793	Phoca vitulina	2	3	86400	39284
1985	E012N55AD	1	Animalia	9701	Canidae	5219243	Vulpes vulpes	1	390	86400	9311
1984	E008N56BC	1	Animalia	5310	Phocidae	2434806	Halichoerus grypus	6	3	86400	39284
1984	E011N54AB	1	Animalia	5307	Mustelidae	5218887	Martes foina	1	1000	86400	23427
1984	E012N55AD	1	Animalia	9379	Leporidae	7952072	Lepus europaeus	1	870	86400	45524
1983	E009N55CD	1	Animalia	9379	Leporidae	7952072	Lepus europaeus	1	780	86400	45524
1983	E011N55AB	1	Animalia	5310	Phocidae	2434793	Phoca vitulina	2	3	86400	39284
1983	E015N55CA	1	Animalia	5310	Phocidae	2434806	Halichoerus grypus	2	3	86400	39284
1982	E010N56AD	1	Animalia	5310	Phocidae	2434806	Halichoerus grypus	1	3	86400	39284
1982	E011N56DC	1	Animalia	5310	Phocidae	2434793	Phoca vitulina	1	3	86400	39284
1981	E008N55CB	1	Animalia	5310	Phocidae	2434806	Halichoerus grypus	3	3	86400	39284
1981	E010N57BA	1	Animalia	3240723	Cricetidae	4265185	Arvicola amphibius	1	870	86400	1954
1981	E011N57CC	1	Animalia	5310	Phocidae	2434806	Halichoerus grypus	1	3	86400	39284
1980	E010N55AA	1	Animalia	5307	Mustelidae	5219019	Mustela erminea	1	930	86400	23427
1980	E012N55AD	1	Animalia	5534	Soricidae	8316400	Sorex araneus	1	390	86400	1360
1979	E010N55AB	1	Animalia	5310	Phocidae	2434806	Halichoerus grypus	1	3	86400	39284
1979	E011N56DC	1	Animalia	5310	Phocidae	2434793	Phoca vitulina	1	3	86400	39284
1978	E009N55DB	1	Animalia	5307	Mustelidae	2433753	Lutra lutra	1	1000	31536000	23427
1978	E012N55AD	1	Animalia	9701	Canidae	5219243	Vulpes vulpes	2	390	86400	9311
1977	E012N55BA	1	Animalia	5510	Muridae	2437756	Apodemus flavicollis	3	840	86400	4493
1975	E009N57CC	1	Animalia	5307	Mustelidae	5218987	Mustela nivalis	1	1000	86400	23427
1973	E008N56AC	1	Animalia	5307	Mustelidae	5218987	Mustela nivalis	1	1000	86400	23427
1972	E008N56BB	1	Animalia	5298	Cervidae	5220126	Capreolus capreolus	1	870	86400	34858
1971	E010N55AA	1	Animalia	5307	Mustelidae	2433875	Meles meles	1	930	86400	23427
1970	E012N55BA	1	Animalia	5510	Muridae	2439261	Rattus norvegicus	1	840	86400	4493
1969	E012N55BA	1	Animalia	9701	Canidae	5219243	Vulpes vulpes	1	840	86400	9311
1968	E014N55DB	1	Animalia	5510	Muridae	2437756	Apodemus flavicollis	8	1000	86400	4493
1963	E008N57DC	1	Animalia	5534	Soricidae	7571319	Sorex minutus	2	100	86400	1360
1960	E014N55DD	1	Animalia	5534	Soricidae	8316400	Sorex araneus	1	1000	86400	1360
1952	E010N57CB	1	Animalia	5510	Muridae	2439261	Rattus norvegicus	1	1000	86400	4493
1946	E008N56BB	1	Animalia	5510	Muridae	5219833	Micromys minutus	1	1000	86400	4493
1943	E011N54BA	1	Animalia	5510	Muridae	2437756	Apodemus flavicollis	1	1000	86400	4493
1940	E012N55BA	1	Animalia	9614	Bovidae	2441022	Bos taurus	1	1000	31622400	103
1930	E014N55DD	1	Animalia	9456	Sciuridae	8211070	Sciurus vulgaris	4	1000	86400	15823
1901	E010N55CD	1	Animalia	9456	Sciuridae	8211070	Sciurus vulgaris	2	1000	31536000	15823
	E008N55BC	1	Animalia	9435	Dipodidae	2439449	Sicista betulina	1	15		153
	E008N56DA	1	Animalia	5307	Mustelidae	2433875	Meles meles	1	1000		23427
	E009N55BB	1	Animalia	9379	Leporidae	7952072	Lepus europaeus	2	45		45524
	E009N56AC	1	Animalia	9682	Balaenidae	2440330	Balaena mysticetus	1	1000		22
	E009N56DD	1	Animalia	9379	Leporidae	7952072	Lepus europaeus	2	45		45524
	E010N55BD	1	Animalia	5510	Muridae	2437756	Apodemus flavicollis	1	1000		4493
	E010N56CA	1	Animalia	5307	Mustelidae	2433753	Lutra lutra	127	8		23427
	E010N57DA	1	Animalia	5314	Delphinidae	2440483	Orcinus orca	1	1000		391
	E011N55CA	1	Animalia	9379	Leporidae	7952072	Lepus europaeus	1	145		45524
	E012N55AD	1	Animalia	9379	Leporidae	7952072	Lepus europaeus	1	85		45524
